Chi_tieu,Gia_tri,Don_vi
"I. LƯU CHUYỀN TIỀN TỪ HOẠT ĐỘNG KINH DOANHTổng lợi nhuận kế toán trước thuếĐiều chỉnh cho các khoản:Khấu hao và hao mòn tài sản cố định và bắt động sản đầu tư 12, 13, 14Các khoản dự phòngLỗ chênh lệch tỷ giá hối đoái do đánh giá lại các khoản mục tiền tệ có gốc ngoại tệLãi từ hoạt động đầu tưChi phí lãi vay và phát hành trái phiếu 28",928971520016,VND
"I. LƯU CHUYỀN TIỀN TỪ HOẠT ĐỘNG KINH DOANHTổng lợi nhuận kế toán trước thuếĐiều chỉnh cho các khoản:Khấu hao và hao mòn tài sản cố định và bắt động sản đầu tư 12, 13, 14Các khoản dự phòngLỗ chênh lệch tỷ giá hối đoái do đánh giá lại các khoản mục tiền tệ có gốc ngoại tệLãi từ hoạt động đầu tưChi phí lãi vay và phát hành trái phiếu 28",507462534247,VND
"I. LƯU CHUYỀN TIỀN TỪ HOẠT ĐỘNG KINH DOANHTổng lợi nhuận kế toán trước thuếĐiều chỉnh cho các khoản:Khấu hao và hao mòn tài sản cố định và bắt động sản đầu tư 12, 13, 14Các khoản dự phòngLỗ chênh lệch tỷ giá hối đoái do đánh giá lại các khoản mục tiền tệ có gốc ngoại tệLãi từ hoạt động đầu tưChi phí lãi vay và phát hành trái phiếu 28",507462534247,VND
"I. LƯU CHUYỀN TIỀN TỪ HOẠT ĐỘNG KINH DOANHTổng lợi nhuận kế toán trước thuếĐiều chỉnh cho các khoản:Khấu hao và hao mòn tài sản cố định và bắt động sản đầu tư 12, 13, 14Các khoản dự phòngLỗ chênh lệch tỷ giá hối đoái do đánh giá lại các khoản mục tiền tệ có gốc ngoại tệLãi từ hoạt động đầu tưChi phí lãi vay và phát hành trái phiếu 28",507462534247,VND
"I. LƯU CHUYỀN TIỀN TỪ HOẠT ĐỘNG KINH DOANHTổng lợi nhuận kế toán trước thuếĐiều chỉnh cho các khoản:Khấu hao và hao mòn tài sản cố định và bắt động sản đầu tư 12, 13, 14Các khoản dự phòngLỗ chênh lệch tỷ giá hối đoái do đánh giá lại các khoản mục tiền tệ có gốc ngoại tệLãi từ hoạt động đầu tưChi phí lãi vay và phát hành trái phiếu 28",507462534247,VND
"I. LƯU CHUYỀN TIỀN TỪ HOẠT ĐỘNG KINH DOANHTổng lợi nhuận kế toán trước thuếĐiều chỉnh cho các khoản:Khấu hao và hao mòn tài sản cố định và bắt động sản đầu tư 12, 13, 14Các khoản dự phòngLỗ chênh lệch tỷ giá hối đoái do đánh giá lại các khoản mục tiền tệ có gốc ngoại tệLãi từ hoạt động đầu tưChi phí lãi vay và phát hành trái phiếu 28",507462534247,VND
"I. LƯU CHUYỀN TIỀN TỪ HOẠT ĐỘNG KINH DOANHTổng lợi nhuận kế toán trước thuếĐiều chỉnh cho các khoản:Khấu hao và hao mòn tài sản cố định và bắt động sản đầu tư 12, 13, 14Các khoản dự phòngLỗ chênh lệch tỷ giá hối đoái do đánh giá lại các khoản mục tiền tệ có gốc ngoại tệLãi từ hoạt động đầu tưChi phí lãi vay và phát hành trái phiếu 28",507462534247,VND
"I. LƯU CHUYỀN TIỀN TỪ HOẠT ĐỘNG KINH DOANHTổng lợi nhuận kế toán trước thuếĐiều chỉnh cho các khoản:Khấu hao và hao mòn tài sản cố định và bắt động sản đầu tư 12, 13, 14Các khoản dự phòngLỗ chênh lệch tỷ giá hối đoái do đánh giá lại các khoản mục tiền tệ có gốc ngoại tệLãi từ hoạt động đầu tưChi phí lãi vay và phát hành trái phiếu 28",507462534247,VND
"I. LƯU CHUYỀN TIỀN TỪ HOẠT ĐỘNG KINH DOANHTổng lợi nhuận kế toán trước thuếĐiều chỉnh cho các khoản:Khấu hao và hao mòn tài sản cố định và bắt động sản đầu tư 12, 13, 14Các khoản dự phòngLỗ chênh lệch tỷ giá hối đoái do đánh giá lại các khoản mục tiền tệ có gốc ngoại tệLãi từ hoạt động đầu tưChi phí lãi vay và phát hành trái phiếu 28",507462534247,VND
"I. LƯU CHUYỀN TIỀN TỪ HOẠT ĐỘNG KINH DOANHTổng lợi nhuận kế toán trước thuếĐiều chỉnh cho các khoản:Khấu hao và hao mòn tài sản cố định và bắt động sản đầu tư 12, 13, 14Các khoản dự phòngLỗ chênh lệch tỷ giá hối đoái do đánh giá lại các khoản mục tiền tệ có gốc ngoại tệLãi từ hoạt động đầu tưChi phí lãi vay và phát hành trái phiếu 28",507462534247,VND
"I. LƯU CHUYỀN TIỀN TỪ HOẠT ĐỘNG KINH DOANHTổng lợi nhuận kế toán trước thuếĐiều chỉnh cho các khoản:Khấu hao và hao mòn tài sản cố định và bắt động sản đầu tư 12, 13, 14Các khoản dự phòngLỗ chênh lệch tỷ giá hối đoái do đánh giá lại các khoản mục tiền tệ có gốc ngoại tệLãi từ hoạt động đầu tưChi phí lãi vay và phát hành trái phiếu 28",507462534247,VND
"I. LƯU CHUYỀN TIỀN TỪ HOẠT ĐỘNG KINH DOANHTổng lợi nhuận kế toán trước thuếĐiều chỉnh cho các khoản:Khấu hao và hao mòn tài sản cố định và bắt động sản đầu tư 12, 13, 14Các khoản dự phòngLỗ chênh lệch tỷ giá hối đoái do đánh giá lại các khoản mục tiền tệ có gốc ngoại tệLãi từ hoạt động đầu tưChi phí lãi vay và phát hành trái phiếu 28",507462534247,VND
"I. LƯU CHUYỀN TIỀN TỪ HOẠT ĐỘNG KINH DOANHTổng lợi nhuận kế toán trước thuếĐiều chỉnh cho các khoản:Khấu hao và hao mòn tài sản cố định và bắt động sản đầu tư 12, 13, 14Các khoản dự phòngLỗ chênh lệch tỷ giá hối đoái do đánh giá lại các khoản mục tiền tệ có gốc ngoại tệLãi từ hoạt động đầu tưChi phí lãi vay và phát hành trái phiếu 28",507462534247,VND
"I. LƯU CHUYỀN TIỀN TỪ HOẠT ĐỘNG KINH DOANHTổng lợi nhuận kế toán trước thuếĐiều chỉnh cho các khoản:Khấu hao và hao mòn tài sản cố định và bắt động sản đầu tư 12, 13, 14Các khoản dự phòngLỗ chênh lệch tỷ giá hối đoái do đánh giá lại các khoản mục tiền tệ có gốc ngoại tệLãi từ hoạt động đầu tưChi phí lãi vay và phát hành trái phiếu 28",507462534247,VND
"I. LƯU CHUYỀN TIỀN TỪ HOẠT ĐỘNG KINH DOANHTổng lợi nhuận kế toán trước thuếĐiều chỉnh cho các khoản:Khấu hao và hao mòn tài sản cố định và bắt động sản đầu tư 12, 13, 14Các khoản dự phòngLỗ chênh lệch tỷ giá hối đoái do đánh giá lại các khoản mục tiền tệ có gốc ngoại tệLãi từ hoạt động đầu tưChi phí lãi vay và phát hành trái phiếu 28",507462534247,VND
"I. LƯU CHUYỀN TIỀN TỪ HOẠT ĐỘNG KINH DOANHTổng lợi nhuận kế toán trước thuếĐiều chỉnh cho các khoản:Khấu hao và hao mòn tài sản cố định và bắt động sản đầu tư 12, 13, 14Các khoản dự phòngLỗ chênh lệch tỷ giá hối đoái do đánh giá lại các khoản mục tiền tệ có gốc ngoại tệLãi từ hoạt động đầu tưChi phí lãi vay và phát hành trái phiếu 28",507462534247,VND
"I. LƯU CHUYỀN TIỀN TỪ HOẠT ĐỘNG KINH DOANHTổng lợi nhuận kế toán trước thuếĐiều chỉnh cho các khoản:Khấu hao và hao mòn tài sản cố định và bắt động sản đầu tư 12, 13, 14Các khoản dự phòngLỗ chênh lệch tỷ giá hối đoái do đánh giá lại các khoản mục tiền tệ có gốc ngoại tệLãi từ hoạt động đầu tưChi phí lãi vay và phát hành trái phiếu 28",507462534247,VND
"I. LƯU CHUYỀN TIỀN TỪ HOẠT ĐỘNG KINH DOANHTổng lợi nhuận kế toán trước thuếĐiều chỉnh cho các khoản:Khấu hao và hao mòn tài sản cố định và bắt động sản đầu tư 12, 13, 14Các khoản dự phòngLỗ chênh lệch tỷ giá hối đoái do đánh giá lại các khoản mục tiền tệ có gốc ngoại tệLãi từ hoạt động đầu tưChi phí lãi vay và phát hành trái phiếu 28",507462534247,VND
"I. LƯU CHUYỀN TIỀN TỪ HOẠT ĐỘNG KINH DOANHTổng lợi nhuận kế toán trước thuếĐiều chỉnh cho các khoản:Khấu hao và hao mòn tài sản cố định và bắt động sản đầu tư 12, 13, 14Các khoản dự phòngLỗ chênh lệch tỷ giá hối đoái do đánh giá lại các khoản mục tiền tệ có gốc ngoại tệLãi từ hoạt động đầu tưChi phí lãi vay và phát hành trái phiếu 28",507462534247,VND
"I. LƯU CHUYỀN TIỀN TỪ HOẠT ĐỘNG KINH DOANHTổng lợi nhuận kế toán trước thuếĐiều chỉnh cho các khoản:Khấu hao và hao mòn tài sản cố định và bắt động sản đầu tư 12, 13, 14Các khoản dự phòngLỗ chênh lệch tỷ giá hối đoái do đánh giá lại các khoản mục tiền tệ có gốc ngoại tệLãi từ hoạt động đầu tưChi phí lãi vay và phát hành trái phiếu 28",507462534247,VND
"I. LƯU CHUYỀN TIỀN TỪ HOẠT ĐỘNG KINH DOANHTổng lợi nhuận kế toán trước thuếĐiều chỉnh cho các khoản:Khấu hao và hao mòn tài sản cố định và bắt động sản đầu tư 12, 13, 14Các khoản dự phòngLỗ chênh lệch tỷ giá hối đoái do đánh giá lại các khoản mục tiền tệ có gốc ngoại tệLãi từ hoạt động đầu tưChi phí lãi vay và phát hành trái phiếu 28",507462534247,VND
"I. LƯU CHUYỀN TIỀN TỪ HOẠT ĐỘNG KINH DOANHTổng lợi nhuận kế toán trước thuếĐiều chỉnh cho các khoản:Khấu hao và hao mòn tài sản cố định và bắt động sản đầu tư 12, 13, 14Các khoản dự phòngLỗ chênh lệch tỷ giá hối đoái do đánh giá lại các khoản mục tiền tệ có gốc ngoại tệLãi từ hoạt động đầu tưChi phí lãi vay và phát hành trái phiếu 28",507462534247,VND
"I. LƯU CHUYỀN TIỀN TỪ HOẠT ĐỘNG KINH DOANHTổng lợi nhuận kế toán trước thuếĐiều chỉnh cho các khoản:Khấu hao và hao mòn tài sản cố định và bắt động sản đầu tư 12, 13, 14Các khoản dự phòngLỗ chênh lệch tỷ giá hối đoái do đánh giá lại các khoản mục tiền tệ có gốc ngoại tệLãi từ hoạt động đầu tưChi phí lãi vay và phát hành trái phiếu 28",507462534247,VND
"I. LƯU CHUYỀN TIỀN TỪ HOẠT ĐỘNG KINH DOANHTổng lợi nhuận kế toán trước thuếĐiều chỉnh cho các khoản:Khấu hao và hao mòn tài sản cố định và bắt động sản đầu tư 12, 13, 14Các khoản dự phòngLỗ chênh lệch tỷ giá hối đoái do đánh giá lại các khoản mục tiền tệ có gốc ngoại tệLãi từ hoạt động đầu tưChi phí lãi vay và phát hành trái phiếu 28",507462534247,VND
"I. LƯU CHUYỀN TIỀN TỪ HOẠT ĐỘNG KINH DOANHTổng lợi nhuận kế toán trước thuếĐiều chỉnh cho các khoản:Khấu hao và hao mòn tài sản cố định và bắt động sản đầu tư 12, 13, 14Các khoản dự phòngLỗ chênh lệch tỷ giá hối đoái do đánh giá lại các khoản mục tiền tệ có gốc ngoại tệLãi từ hoạt động đầu tưChi phí lãi vay và phát hành trái phiếu 28",507462534247,VND
"I. LƯU CHUYỀN TIỀN TỪ HOẠT ĐỘNG KINH DOANHTổng lợi nhuận kế toán trước thuếĐiều chỉnh cho các khoản:Khấu hao và hao mòn tài sản cố định và bắt động sản đầu tư 12, 13, 14Các khoản dự phòngLỗ chênh lệch tỷ giá hối đoái do đánh giá lại các khoản mục tiền tệ có gốc ngoại tệLãi từ hoạt động đầu tưChi phí lãi vay và phát hành trái phiếu 28",507462534247,VND
"I. LƯU CHUYỀN TIỀN TỪ HOẠT ĐỘNG KINH DOANHTổng lợi nhuận kế toán trước thuếĐiều chỉnh cho các khoản:Khấu hao và hao mòn tài sản cố định và bắt động sản đầu tư 12, 13, 14Các khoản dự phòngLỗ chênh lệch tỷ giá hối đoái do đánh giá lại các khoản mục tiền tệ có gốc ngoại tệLãi từ hoạt động đầu tưChi phí lãi vay và phát hành trái phiếu 28",507462534247,VND
"I. LƯU CHUYỀN TIỀN TỪ HOẠT ĐỘNG KINH DOANHTổng lợi nhuận kế toán trước thuếĐiều chỉnh cho các khoản:Khấu hao và hao mòn tài sản cố định và bắt động sản đầu tư 12, 13, 14Các khoản dự phòngLỗ chênh lệch tỷ giá hối đoái do đánh giá lại các khoản mục tiền tệ có gốc ngoại tệLãi từ hoạt động đầu tưChi phí lãi vay và phát hành trái phiếu 28",507462534247,VND
"I. LƯU CHUYỀN TIỀN TỪ HOẠT ĐỘNG KINH DOANHTổng lợi nhuận kế toán trước thuếĐiều chỉnh cho các khoản:Khấu hao và hao mòn tài sản cố định và bắt động sản đầu tư 12, 13, 14Các khoản dự phòngLỗ chênh lệch tỷ giá hối đoái do đánh giá lại các khoản mục tiền tệ có gốc ngoại tệLãi từ hoạt động đầu tưChi phí lãi vay và phát hành trái phiếu 28",507462534247,VND
"I. LƯU CHUYỀN TIỀN TỪ HOẠT ĐỘNG KINH DOANHTổng lợi nhuận kế toán trước thuếĐiều chỉnh cho các khoản:Khấu hao và hao mòn tài sản cố định và bắt động sản đầu tư 12, 13, 14Các khoản dự phòngLỗ chênh lệch tỷ giá hối đoái do đánh giá lại các khoản mục tiền tệ có gốc ngoại tệLãi từ hoạt động đầu tưChi phí lãi vay và phát hành trái phiếu 28",507462534247,VND
"I. LƯU CHUYỀN TIỀN TỪ HOẠT ĐỘNG KINH DOANHTổng lợi nhuận kế toán trước thuếĐiều chỉnh cho các khoản:Khấu hao và hao mòn tài sản cố định và bắt động sản đầu tư 12, 13, 14Các khoản dự phòngLỗ chênh lệch tỷ giá hối đoái do đánh giá lại các khoản mục tiền tệ có gốc ngoại tệLãi từ hoạt động đầu tưChi phí lãi vay và phát hành trái phiếu 28",507462534247,VND
"I. LƯU CHUYỀN TIỀN TỪ HOẠT ĐỘNG KINH DOANHTổng lợi nhuận kế toán trước thuếĐiều chỉnh cho các khoản:Khấu hao và hao mòn tài sản cố định và bắt động sản đầu tư 12, 13, 14Các khoản dự phòngLỗ chênh lệch tỷ giá hối đoái do đánh giá lại các khoản mục tiền tệ có gốc ngoại tệLãi từ hoạt động đầu tưChi phí lãi vay và phát hành trái phiếu 28",507462534247,VND
"I. LƯU CHUYỀN TIỀN TỪ HOẠT ĐỘNG KINH DOANHTổng lợi nhuận kế toán trước thuếĐiều chỉnh cho các khoản:Khấu hao và hao mòn tài sản cố định và bắt động sản đầu tư 12, 13, 14Các khoản dự phòngLỗ chênh lệch tỷ giá hối đoái do đánh giá lại các khoản mục tiền tệ có gốc ngoại tệLãi từ hoạt động đầu tưChi phí lãi vay và phát hành trái phiếu 28",507462534247,VND
"I. LƯU CHUYỀN TIỀN TỪ HOẠT ĐỘNG KINH DOANHTổng lợi nhuận kế toán trước thuếĐiều chỉnh cho các khoản:Khấu hao và hao mòn tài sản cố định và bắt động sản đầu tư 12, 13, 14Các khoản dự phòngLỗ chênh lệch tỷ giá hối đoái do đánh giá lại các khoản mục tiền tệ có gốc ngoại tệLãi từ hoạt động đầu tưChi phí lãi vay và phát hành trái phiếu 28",507462534247,VND
"I. LƯU CHUYỀN TIỀN TỪ HOẠT ĐỘNG KINH DOANHTổng lợi nhuận kế toán trước thuếĐiều chỉnh cho các khoản:Khấu hao và hao mòn tài sản cố định và bắt động sản đầu tư 12, 13, 14Các khoản dự phòngLỗ chênh lệch tỷ giá hối đoái do đánh giá lại các khoản mục tiền tệ có gốc ngoại tệLãi từ hoạt động đầu tưChi phí lãi vay và phát hành trái phiếu 28",507462534247,VND
"I. LƯU CHUYỀN TIỀN TỪ HOẠT ĐỘNG KINH DOANHTổng lợi nhuận kế toán trước thuếĐiều chỉnh cho các khoản:Khấu hao và hao mòn tài sản cố định và bắt động sản đầu tư 12, 13, 14Các khoản dự phòngLỗ chênh lệch tỷ giá hối đoái do đánh giá lại các khoản mục tiền tệ có gốc ngoại tệLãi từ hoạt động đầu tưChi phí lãi vay và phát hành trái phiếu 28",507462534247,VND
"I. LƯU CHUYỀN TIỀN TỪ HOẠT ĐỘNG KINH DOANHTổng lợi nhuận kế toán trước thuếĐiều chỉnh cho các khoản:Khấu hao và hao mòn tài sản cố định và bắt động sản đầu tư 12, 13, 14Các khoản dự phòngLỗ chênh lệch tỷ giá hối đoái do đánh giá lại các khoản mục tiền tệ có gốc ngoại tệLãi từ hoạt động đầu tưChi phí lãi vay và phát hành trái phiếu 28",507462534247,VND
"I. LƯU CHUYỀN TIỀN TỪ HOẠT ĐỘNG KINH DOANHTổng lợi nhuận kế toán trước thuếĐiều chỉnh cho các khoản:Khấu hao và hao mòn tài sản cố định và bắt động sản đầu tư 12, 13, 14Các khoản dự phòngLỗ chênh lệch tỷ giá hối đoái do đánh giá lại các khoản mục tiền tệ có gốc ngoại tệLãi từ hoạt động đầu tưChi phí lãi vay và phát hành trái phiếu 28",507462534247,VND
"I. LƯU CHUYỀN TIỀN TỪ HOẠT ĐỘNG KINH DOANHTổng lợi nhuận kế toán trước thuếĐiều chỉnh cho các khoản:Khấu hao và hao mòn tài sản cố định và bắt động sản đầu tư 12, 13, 14Các khoản dự phòngLỗ chênh lệch tỷ giá hối đoái do đánh giá lại các khoản mục tiền tệ có gốc ngoại tệLãi từ hoạt động đầu tưChi phí lãi vay và phát hành trái phiếu 28",507462534247,VND
"I. LƯU CHUYỀN TIỀN TỪ HOẠT ĐỘNG KINH DOANHTổng lợi nhuận kế toán trước thuếĐiều chỉnh cho các khoản:Khấu hao và hao mòn tài sản cố định và bắt động sản đầu tư 12, 13, 14Các khoản dự phòngLỗ chênh lệch tỷ giá hối đoái do đánh giá lại các khoản mục tiền tệ có gốc ngoại tệLãi từ hoạt động đầu tưChi phí lãi vay và phát hành trái phiếu 28",507462534247,VND
"I. LƯU CHUYỀN TIỀN TỪ HOẠT ĐỘNG KINH DOANHTổng lợi nhuận kế toán trước thuếĐiều chỉnh cho các khoản:Khấu hao và hao mòn tài sản cố định và bắt động sản đầu tư 12, 13, 14Các khoản dự phòngLỗ chênh lệch tỷ giá hối đoái do đánh giá lại các khoản mục tiền tệ có gốc ngoại tệLãi từ hoạt động đầu tưChi phí lãi vay và phát hành trái phiếu 28",507462534247,VND
"I. LƯU CHUYỀN TIỀN TỪ HOẠT ĐỘNG KINH DOANHTổng lợi nhuận kế toán trước thuếĐiều chỉnh cho các khoản:Khấu hao và hao mòn tài sản cố định và bắt động sản đầu tư 12, 13, 14Các khoản dự phòngLỗ chênh lệch tỷ giá hối đoái do đánh giá lại các khoản mục tiền tệ có gốc ngoại tệLãi từ hoạt động đầu tưChi phí lãi vay và phát hành trái phiếu 28",507462534247,VND
"I. LƯU CHUYỀN TIỀN TỪ HOẠT ĐỘNG KINH DOANHTổng lợi nhuận kế toán trước thuếĐiều chỉnh cho các khoản:Khấu hao và hao mòn tài sản cố định và bắt động sản đầu tư 12, 13, 14Các khoản dự phòngLỗ chênh lệch tỷ giá hối đoái do đánh giá lại các khoản mục tiền tệ có gốc ngoại tệLãi từ hoạt động đầu tưChi phí lãi vay và phát hành trái phiếu 28",507462534247,VND
"I. LƯU CHUYỀN TIỀN TỪ HOẠT ĐỘNG KINH DOANHTổng lợi nhuận kế toán trước thuếĐiều chỉnh cho các khoản:Khấu hao và hao mòn tài sản cố định và bắt động sản đầu tư 12, 13, 14Các khoản dự phòngLỗ chênh lệch tỷ giá hối đoái do đánh giá lại các khoản mục tiền tệ có gốc ngoại tệLãi từ hoạt động đầu tưChi phí lãi vay và phát hành trái phiếu 28",507462534247,VND
"I. LƯU CHUYỀN TIỀN TỪ HOẠT ĐỘNG KINH DOANHTổng lợi nhuận kế toán trước thuếĐiều chỉnh cho các khoản:Khấu hao và hao mòn tài sản cố định và bắt động sản đầu tư 12, 13, 14Các khoản dự phòngLỗ chênh lệch tỷ giá hối đoái do đánh giá lại các khoản mục tiền tệ có gốc ngoại tệLãi từ hoạt động đầu tưChi phí lãi vay và phát hành trái phiếu 28",507462534247,VND
"I. LƯU CHUYỀN TIỀN TỪ HOẠT ĐỘNG KINH DOANHTổng lợi nhuận kế toán trước thuếĐiều chỉnh cho các khoản:Khấu hao và hao mòn tài sản cố định và bắt động sản đầu tư 12, 13, 14Các khoản dự phòngLỗ chênh lệch tỷ giá hối đoái do đánh giá lại các khoản mục tiền tệ có gốc ngoại tệLãi từ hoạt động đầu tưChi phí lãi vay và phát hành trái phiếu 28",507462534247,VND
"I. LƯU CHUYỀN TIỀN TỪ HOẠT ĐỘNG KINH DOANHTổng lợi nhuận kế toán trước thuếĐiều chỉnh cho các khoản:Khấu hao và hao mòn tài sản cố định và bắt động sản đầu tư 12, 13, 14Các khoản dự phòngLỗ chênh lệch tỷ giá hối đoái do đánh giá lại các khoản mục tiền tệ có gốc ngoại tệLãi từ hoạt động đầu tưChi phí lãi vay và phát hành trái phiếu 28",507462534247,VND
"I. LƯU CHUYỀN TIỀN TỪ HOẠT ĐỘNG KINH DOANHTổng lợi nhuận kế toán trước thuếĐiều chỉnh cho các khoản:Khấu hao và hao mòn tài sản cố định và bắt động sản đầu tư 12, 13, 14Các khoản dự phòngLỗ chênh lệch tỷ giá hối đoái do đánh giá lại các khoản mục tiền tệ có gốc ngoại tệLãi từ hoạt động đầu tưChi phí lãi vay và phát hành trái phiếu 28",507462534247,VND
"I. LƯU CHUYỀN TIỀN TỪ HOẠT ĐỘNG KINH DOANHTổng lợi nhuận kế toán trước thuếĐiều chỉnh cho các khoản:Khấu hao và hao mòn tài sản cố định và bắt động sản đầu tư 12, 13, 14Các khoản dự phòngLỗ chênh lệch tỷ giá hối đoái do đánh giá lại các khoản mục tiền tệ có gốc ngoại tệLãi từ hoạt động đầu tưChi phí lãi vay và phát hành trái phiếu 28",507462534247,VND
"I. LƯU CHUYỀN TIỀN TỪ HOẠT ĐỘNG KINH DOANHTổng lợi nhuận kế toán trước thuếĐiều chỉnh cho các khoản:Khấu hao và hao mòn tài sản cố định và bắt động sản đầu tư 12, 13, 14Các khoản dự phòngLỗ chênh lệch tỷ giá hối đoái do đánh giá lại các khoản mục tiền tệ có gốc ngoại tệLãi từ hoạt động đầu tưChi phí lãi vay và phát hành trái phiếu 28",507462534247,VND
"I. LƯU CHUYỀN TIỀN TỪ HOẠT ĐỘNG KINH DOANHTổng lợi nhuận kế toán trước thuếĐiều chỉnh cho các khoản:Khấu hao và hao mòn tài sản cố định và bắt động sản đầu tư 12, 13, 14Các khoản dự phòngLỗ chênh lệch tỷ giá hối đoái do đánh giá lại các khoản mục tiền tệ có gốc ngoại tệLãi từ hoạt động đầu tưChi phí lãi vay và phát hành trái phiếu 28",507462534247,VND
"I. LƯU CHUYỀN TIỀN TỪ HOẠT ĐỘNG KINH DOANHTổng lợi nhuận kế toán trước thuếĐiều chỉnh cho các khoản:Khấu hao và hao mòn tài sản cố định và bắt động sản đầu tư 12, 13, 14Các khoản dự phòngLỗ chênh lệch tỷ giá hối đoái do đánh giá lại các khoản mục tiền tệ có gốc ngoại tệLãi từ hoạt động đầu tưChi phí lãi vay và phát hành trái phiếu 28",507462534247,VND
"I. LƯU CHUYỀN TIỀN TỪ HOẠT ĐỘNG KINH DOANHTổng lợi nhuận kế toán trước thuếĐiều chỉnh cho các khoản:Khấu hao và hao mòn tài sản cố định và bắt động sản đầu tư 12, 13, 14Các khoản dự phòngLỗ chênh lệch tỷ giá hối đoái do đánh giá lại các khoản mục tiền tệ có gốc ngoại tệLãi từ hoạt động đầu tưChi phí lãi vay và phát hành trái phiếu 28",507462534247,VND
"I. LƯU CHUYỀN TIỀN TỪ HOẠT ĐỘNG KINH DOANHTổng lợi nhuận kế toán trước thuếĐiều chỉnh cho các khoản:Khấu hao và hao mòn tài sản cố định và bắt động sản đầu tư 12, 13, 14Các khoản dự phòngLỗ chênh lệch tỷ giá hối đoái do đánh giá lại các khoản mục tiền tệ có gốc ngoại tệLãi từ hoạt động đầu tưChi phí lãi vay và phát hành trái phiếu 28",507462534247,VND
"I. LƯU CHUYỀN TIỀN TỪ HOẠT ĐỘNG KINH DOANHTổng lợi nhuận kế toán trước thuếĐiều chỉnh cho các khoản:Khấu hao và hao mòn tài sản cố định và bắt động sản đầu tư 12, 13, 14Các khoản dự phòngLỗ chênh lệch tỷ giá hối đoái do đánh giá lại các khoản mục tiền tệ có gốc ngoại tệLãi từ hoạt động đầu tưChi phí lãi vay và phát hành trái phiếu 28",507462534247,VND
"I. LƯU CHUYỀN TIỀN TỪ HOẠT ĐỘNG KINH DOANHTổng lợi nhuận kế toán trước thuếĐiều chỉnh cho các khoản:Khấu hao và hao mòn tài sản cố định và bắt động sản đầu tư 12, 13, 14Các khoản dự phòngLỗ chênh lệch tỷ giá hối đoái do đánh giá lại các khoản mục tiền tệ có gốc ngoại tệLãi từ hoạt động đầu tưChi phí lãi vay và phát hành trái phiếu 28",507462534247,VND
"I. LƯU CHUYỀN TIỀN TỪ HOẠT ĐỘNG KINH DOANHTổng lợi nhuận kế toán trước thuếĐiều chỉnh cho các khoản:Khấu hao và hao mòn tài sản cố định và bắt động sản đầu tư 12, 13, 14Các khoản dự phòngLỗ chênh lệch tỷ giá hối đoái do đánh giá lại các khoản mục tiền tệ có gốc ngoại tệLãi từ hoạt động đầu tưChi phí lãi vay và phát hành trái phiếu 28",507462534247,VND
"I. LƯU CHUYỀN TIỀN TỪ HOẠT ĐỘNG KINH DOANHTổng lợi nhuận kế toán trước thuếĐiều chỉnh cho các khoản:Khấu hao và hao mòn tài sản cố định và bắt động sản đầu tư 12, 13, 14Các khoản dự phòngLỗ chênh lệch tỷ giá hối đoái do đánh giá lại các khoản mục tiền tệ có gốc ngoại tệLãi từ hoạt động đầu tưChi phí lãi vay và phát hành trái phiếu 28",507462534247,VND
"I. LƯU CHUYỀN TIỀN TỪ HOẠT ĐỘNG KINH DOANHTổng lợi nhuận kế toán trước thuếĐiều chỉnh cho các khoản:Khấu hao và hao mòn tài sản cố định và bắt động sản đầu tư 12, 13, 14Các khoản dự phòngLỗ chênh lệch tỷ giá hối đoái do đánh giá lại các khoản mục tiền tệ có gốc ngoại tệLãi từ hoạt động đầu tưChi phí lãi vay và phát hành trái phiếu 28",507462534247,VND
"I. LƯU CHUYỀN TIỀN TỪ HOẠT ĐỘNG KINH DOANHTổng lợi nhuận kế toán trước thuếĐiều chỉnh cho các khoản:Khấu hao và hao mòn tài sản cố định và bắt động sản đầu tư 12, 13, 14Các khoản dự phòngLỗ chênh lệch tỷ giá hối đoái do đánh giá lại các khoản mục tiền tệ có gốc ngoại tệLãi từ hoạt động đầu tưChi phí lãi vay và phát hành trái phiếu 28",507462534247,VND
"I. LƯU CHUYỀN TIỀN TỪ HOẠT ĐỘNG KINH DOANHTổng lợi nhuận kế toán trước thuếĐiều chỉnh cho các khoản:Khấu hao và hao mòn tài sản cố định và bắt động sản đầu tư 12, 13, 14Các khoản dự phòngLỗ chênh lệch tỷ giá hối đoái do đánh giá lại các khoản mục tiền tệ có gốc ngoại tệLãi từ hoạt động đầu tưChi phí lãi vay và phát hành trái phiếu 28",507462534247,VND
"I. LƯU CHUYỀN TIỀN TỪ HOẠT ĐỘNG KINH DOANHTổng lợi nhuận kế toán trước thuếĐiều chỉnh cho các khoản:Khấu hao và hao mòn tài sản cố định và bắt động sản đầu tư 12, 13, 14Các khoản dự phòngLỗ chênh lệch tỷ giá hối đoái do đánh giá lại các khoản mục tiền tệ có gốc ngoại tệLãi từ hoạt động đầu tưChi phí lãi vay và phát hành trái phiếu 28",507462534247,VND
"I. LƯU CHUYỀN TIỀN TỪ HOẠT ĐỘNG KINH DOANHTổng lợi nhuận kế toán trước thuếĐiều chỉnh cho các khoản:Khấu hao và hao mòn tài sản cố định và bắt động sản đầu tư 12, 13, 14Các khoản dự phòngLỗ chênh lệch tỷ giá hối đoái do đánh giá lại các khoản mục tiền tệ có gốc ngoại tệLãi từ hoạt động đầu tưChi phí lãi vay và phát hành trái phiếu 28",507462534247,VND
"I. LƯU CHUYỀN TIỀN TỪ HOẠT ĐỘNG KINH DOANHTổng lợi nhuận kế toán trước thuếĐiều chỉnh cho các khoản:Khấu hao và hao mòn tài sản cố định và bắt động sản đầu tư 12, 13, 14Các khoản dự phòngLỗ chênh lệch tỷ giá hối đoái do đánh giá lại các khoản mục tiền tệ có gốc ngoại tệLãi từ hoạt động đầu tưChi phí lãi vay và phát hành trái phiếu 28",507462534247,VND
"I. LƯU CHUYỀN TIỀN TỪ HOẠT ĐỘNG KINH DOANHTổng lợi nhuận kế toán trước thuếĐiều chỉnh cho các khoản:Khấu hao và hao mòn tài sản cố định và bắt động sản đầu tư 12, 13, 14Các khoản dự phòngLỗ chênh lệch tỷ giá hối đoái do đánh giá lại các khoản mục tiền tệ có gốc ngoại tệLãi từ hoạt động đầu tưChi phí lãi vay và phát hành trái phiếu 28",507462534247,VND
"I. LƯU CHUYỀN TIỀN TỪ HOẠT ĐỘNG KINH DOANHTổng lợi nhuận kế toán trước thuếĐiều chỉnh cho các khoản:Khấu hao và hao mòn tài sản cố định và bắt động sản đầu tư 12, 13, 14Các khoản dự phòngLỗ chênh lệch tỷ giá hối đoái do đánh giá lại các khoản mục tiền tệ có gốc ngoại tệLãi từ hoạt động đầu tưChi phí lãi vay và phát hành trái phiếu 28",507462534247,VND
"I. LƯU CHUYỀN TIỀN TỪ HOẠT ĐỘNG KINH DOANHTổng lợi nhuận kế toán trước thuếĐiều chỉnh cho các khoản:Khấu hao và hao mòn tài sản cố định và bắt động sản đầu tư 12, 13, 14Các khoản dự phòngLỗ chênh lệch tỷ giá hối đoái do đánh giá lại các khoản mục tiền tệ có gốc ngoại tệLãi từ hoạt động đầu tưChi phí lãi vay và phát hành trái phiếu 28",507462534247,VND
"I. LƯU CHUYỀN TIỀN TỪ HOẠT ĐỘNG KINH DOANHTổng lợi nhuận kế toán trước thuếĐiều chỉnh cho các khoản:Khấu hao và hao mòn tài sản cố định và bắt động sản đầu tư 12, 13, 14Các khoản dự phòngLỗ chênh lệch tỷ giá hối đoái do đánh giá lại các khoản mục tiền tệ có gốc ngoại tệLãi từ hoạt động đầu tưChi phí lãi vay và phát hành trái phiếu 28",507462534247,VND
"I. LƯU CHUYỀN TIỀN TỪ HOẠT ĐỘNG KINH DOANHTổng lợi nhuận kế toán trước thuếĐiều chỉnh cho các khoản:Khấu hao và hao mòn tài sản cố định và bắt động sản đầu tư 12, 13, 14Các khoản dự phòngLỗ chênh lệch tỷ giá hối đoái do đánh giá lại các khoản mục tiền tệ có gốc ngoại tệLãi từ hoạt động đầu tưChi phí lãi vay và phát hành trái phiếu 28",507462534247,VND
"I. LƯU CHUYỀN TIỀN TỪ HOẠT ĐỘNG KINH DOANHTổng lợi nhuận kế toán trước thuếĐiều chỉnh cho các khoản:Khấu hao và hao mòn tài sản cố định và bắt động sản đầu tư 12, 13, 14Các khoản dự phòngLỗ chênh lệch tỷ giá hối đoái do đánh giá lại các khoản mục tiền tệ có gốc ngoại tệLãi từ hoạt động đầu tưChi phí lãi vay và phát hành trái phiếu 28",507462534247,VND
"I. LƯU CHUYỀN TIỀN TỪ HOẠT ĐỘNG KINH DOANHTổng lợi nhuận kế toán trước thuếĐiều chỉnh cho các khoản:Khấu hao và hao mòn tài sản cố định và bắt động sản đầu tư 12, 13, 14Các khoản dự phòngLỗ chênh lệch tỷ giá hối đoái do đánh giá lại các khoản mục tiền tệ có gốc ngoại tệLãi từ hoạt động đầu tưChi phí lãi vay và phát hành trái phiếu 28",507462534247,VND
"I. LƯU CHUYỀN TIỀN TỪ HOẠT ĐỘNG KINH DOANHTổng lợi nhuận kế toán trước thuếĐiều chỉnh cho các khoản:Khấu hao và hao mòn tài sản cố định và bắt động sản đầu tư 12, 13, 14Các khoản dự phòngLỗ chênh lệch tỷ giá hối đoái do đánh giá lại các khoản mục tiền tệ có gốc ngoại tệLãi từ hoạt động đầu tưChi phí lãi vay và phát hành trái phiếu 28",507462534247,VND
"I. LƯU CHUYỀN TIỀN TỪ HOẠT ĐỘNG KINH DOANHTổng lợi nhuận kế toán trước thuếĐiều chỉnh cho các khoản:Khấu hao và hao mòn tài sản cố định và bắt động sản đầu tư 12, 13, 14Các khoản dự phòngLỗ chênh lệch tỷ giá hối đoái do đánh giá lại các khoản mục tiền tệ có gốc ngoại tệLãi từ hoạt động đầu tưChi phí lãi vay và phát hành trái phiếu 28",507462534247,VND
"I. LƯU CHUYỀN TIỀN TỪ HOẠT ĐỘNG KINH DOANHTổng lợi nhuận kế toán trước thuếĐiều chỉnh cho các khoản:Khấu hao và hao mòn tài sản cố định và bắt động sản đầu tư 12, 13, 14Các khoản dự phòngLỗ chênh lệch tỷ giá hối đoái do đánh giá lại các khoản mục tiền tệ có gốc ngoại tệLãi từ hoạt động đầu tưChi phí lãi vay và phát hành trái phiếu 28",507462534247,VND
"I. LƯU CHUYỀN TIỀN TỪ HOẠT ĐỘNG KINH DOANHTổng lợi nhuận kế toán trước thuếĐiều chỉnh cho các khoản:Khấu hao và hao mòn tài sản cố định và bắt động sản đầu tư 12, 13, 14Các khoản dự phòngLỗ chênh lệch tỷ giá hối đoái do đánh giá lại các khoản mục tiền tệ có gốc ngoại tệLãi từ hoạt động đầu tưChi phí lãi vay và phát hành trái phiếu 28",507462534247,VND
"I. LƯU CHUYỀN TIỀN TỪ HOẠT ĐỘNG KINH DOANHTổng lợi nhuận kế toán trước thuếĐiều chỉnh cho các khoản:Khấu hao và hao mòn tài sản cố định và bắt động sản đầu tư 12, 13, 14Các khoản dự phòngLỗ chênh lệch tỷ giá hối đoái do đánh giá lại các khoản mục tiền tệ có gốc ngoại tệLãi từ hoạt động đầu tưChi phí lãi vay và phát hành trái phiếu 28",507462534247,VND
"I. LƯU CHUYỀN TIỀN TỪ HOẠT ĐỘNG KINH DOANHTổng lợi nhuận kế toán trước thuếĐiều chỉnh cho các khoản:Khấu hao và hao mòn tài sản cố định và bắt động sản đầu tư 12, 13, 14Các khoản dự phòngLỗ chênh lệch tỷ giá hối đoái do đánh giá lại các khoản mục tiền tệ có gốc ngoại tệLãi từ hoạt động đầu tưChi phí lãi vay và phát hành trái phiếu 28",507462534247,VND
"I. LƯU CHUYỀN TIỀN TỪ HOẠT ĐỘNG KINH DOANHTổng lợi nhuận kế toán trước thuếĐiều chỉnh cho các khoản:Khấu hao và hao mòn tài sản cố định và bắt động sản đầu tư 12, 13, 14Các khoản dự phòngLỗ chênh lệch tỷ giá hối đoái do đánh giá lại các khoản mục tiền tệ có gốc ngoại tệLãi từ hoạt động đầu tưChi phí lãi vay và phát hành trái phiếu 28",507462534247,VND
"I. LƯU CHUYỀN TIỀN TỪ HOẠT ĐỘNG KINH DOANHTổng lợi nhuận kế toán trước thuếĐiều chỉnh cho các khoản:Khấu hao và hao mòn tài sản cố định và bắt động sản đầu tư 12, 13, 14Các khoản dự phòngLỗ chênh lệch tỷ giá hối đoái do đánh giá lại các khoản mục tiền tệ có gốc ngoại tệLãi từ hoạt động đầu tưChi phí lãi vay và phát hành trái phiếu 28",507462534247,VND
"I. LƯU CHUYỀN TIỀN TỪ HOẠT ĐỘNG KINH DOANHTổng lợi nhuận kế toán trước thuếĐiều chỉnh cho các khoản:Khấu hao và hao mòn tài sản cố định và bắt động sản đầu tư 12, 13, 14Các khoản dự phòngLỗ chênh lệch tỷ giá hối đoái do đánh giá lại các khoản mục tiền tệ có gốc ngoại tệLãi từ hoạt động đầu tưChi phí lãi vay và phát hành trái phiếu 28",507462534247,VND
"I. LƯU CHUYỀN TIỀN TỪ HOẠT ĐỘNG KINH DOANHTổng lợi nhuận kế toán trước thuếĐiều chỉnh cho các khoản:Khấu hao và hao mòn tài sản cố định và bắt động sản đầu tư 12, 13, 14Các khoản dự phòngLỗ chênh lệch tỷ giá hối đoái do đánh giá lại các khoản mục tiền tệ có gốc ngoại tệLãi từ hoạt động đầu tưChi phí lãi vay và phát hành trái phiếu 28",507462534247,VND
"I. LƯU CHUYỀN TIỀN TỪ HOẠT ĐỘNG KINH DOANHTổng lợi nhuận kế toán trước thuếĐiều chỉnh cho các khoản:Khấu hao và hao mòn tài sản cố định và bắt động sản đầu tư 12, 13, 14Các khoản dự phòngLỗ chênh lệch tỷ giá hối đoái do đánh giá lại các khoản mục tiền tệ có gốc ngoại tệLãi từ hoạt động đầu tưChi phí lãi vay và phát hành trái phiếu 28",507462534247,VND
"I. LƯU CHUYỀN TIỀN TỪ HOẠT ĐỘNG KINH DOANHTổng lợi nhuận kế toán trước thuếĐiều chỉnh cho các khoản:Khấu hao và hao mòn tài sản cố định và bắt động sản đầu tư 12, 13, 14Các khoản dự phòngLỗ chênh lệch tỷ giá hối đoái do đánh giá lại các khoản mục tiền tệ có gốc ngoại tệLãi từ hoạt động đầu tưChi phí lãi vay và phát hành trái phiếu 28",507462534247,VND
"I. LƯU CHUYỀN TIỀN TỪ HOẠT ĐỘNG KINH DOANHTổng lợi nhuận kế toán trước thuếĐiều chỉnh cho các khoản:Khấu hao và hao mòn tài sản cố định và bắt động sản đầu tư 12, 13, 14Các khoản dự phòngLỗ chênh lệch tỷ giá hối đoái do đánh giá lại các khoản mục tiền tệ có gốc ngoại tệLãi từ hoạt động đầu tưChi phí lãi vay và phát hành trái phiếu 28",507462534247,VND
"I. LƯU CHUYỀN TIỀN TỪ HOẠT ĐỘNG KINH DOANHTổng lợi nhuận kế toán trước thuếĐiều chỉnh cho các khoản:Khấu hao và hao mòn tài sản cố định và bắt động sản đầu tư 12, 13, 14Các khoản dự phòngLỗ chênh lệch tỷ giá hối đoái do đánh giá lại các khoản mục tiền tệ có gốc ngoại tệLãi từ hoạt động đầu tưChi phí lãi vay và phát hành trái phiếu 28",507462534247,VND
"I. LƯU CHUYỀN TIỀN TỪ HOẠT ĐỘNG KINH DOANHTổng lợi nhuận kế toán trước thuếĐiều chỉnh cho các khoản:Khấu hao và hao mòn tài sản cố định và bắt động sản đầu tư 12, 13, 14Các khoản dự phòngLỗ chênh lệch tỷ giá hối đoái do đánh giá lại các khoản mục tiền tệ có gốc ngoại tệLãi từ hoạt động đầu tưChi phí lãi vay và phát hành trái phiếu 28",507462534247,VND
"I. LƯU CHUYỀN TIỀN TỪ HOẠT ĐỘNG KINH DOANHTổng lợi nhuận kế toán trước thuếĐiều chỉnh cho các khoản:Khấu hao và hao mòn tài sản cố định và bắt động sản đầu tư 12, 13, 14Các khoản dự phòngLỗ chênh lệch tỷ giá hối đoái do đánh giá lại các khoản mục tiền tệ có gốc ngoại tệLãi từ hoạt động đầu tưChi phí lãi vay và phát hành trái phiếu 28",507462534247,VND
"I. LƯU CHUYỀN TIỀN TỪ HOẠT ĐỘNG KINH DOANHTổng lợi nhuận kế toán trước thuếĐiều chỉnh cho các khoản:Khấu hao và hao mòn tài sản cố định và bắt động sản đầu tư 12, 13, 14Các khoản dự phòngLỗ chênh lệch tỷ giá hối đoái do đánh giá lại các khoản mục tiền tệ có gốc ngoại tệLãi từ hoạt động đầu tưChi phí lãi vay và phát hành trái phiếu 28",507462534247,VND
"I. LƯU CHUYỀN TIỀN TỪ HOẠT ĐỘNG KINH DOANHTổng lợi nhuận kế toán trước thuếĐiều chỉnh cho các khoản:Khấu hao và hao mòn tài sản cố định và bắt động sản đầu tư 12, 13, 14Các khoản dự phòngLỗ chênh lệch tỷ giá hối đoái do đánh giá lại các khoản mục tiền tệ có gốc ngoại tệLãi từ hoạt động đầu tưChi phí lãi vay và phát hành trái phiếu 28",507462534247,VND
"I. LƯU CHUYỀN TIỀN TỪ HOẠT ĐỘNG KINH DOANHTổng lợi nhuận kế toán trước thuếĐiều chỉnh cho các khoản:Khấu hao và hao mòn tài sản cố định và bắt động sản đầu tư 12, 13, 14Các khoản dự phòngLỗ chênh lệch tỷ giá hối đoái do đánh giá lại các khoản mục tiền tệ có gốc ngoại tệLãi từ hoạt động đầu tưChi phí lãi vay và phát hành trái phiếu 28",507462534247,VND
"I. LƯU CHUYỀN TIỀN TỪ HOẠT ĐỘNG KINH DOANHTổng lợi nhuận kế toán trước thuếĐiều chỉnh cho các khoản:Khấu hao và hao mòn tài sản cố định và bắt động sản đầu tư 12, 13, 14Các khoản dự phòngLỗ chênh lệch tỷ giá hối đoái do đánh giá lại các khoản mục tiền tệ có gốc ngoại tệLãi từ hoạt động đầu tưChi phí lãi vay và phát hành trái phiếu 28",507462534247,VND
"I. LƯU CHUYỀN TIỀN TỪ HOẠT ĐỘNG KINH DOANHTổng lợi nhuận kế toán trước thuếĐiều chỉnh cho các khoản:Khấu hao và hao mòn tài sản cố định và bắt động sản đầu tư 12, 13, 14Các khoản dự phòngLỗ chênh lệch tỷ giá hối đoái do đánh giá lại các khoản mục tiền tệ có gốc ngoại tệLãi từ hoạt động đầu tưChi phí lãi vay và phát hành trái phiếu 28",507462534247,VND
"I. LƯU CHUYỀN TIỀN TỪ HOẠT ĐỘNG KINH DOANHTổng lợi nhuận kế toán trước thuếĐiều chỉnh cho các khoản:Khấu hao và hao mòn tài sản cố định và bắt động sản đầu tư 12, 13, 14Các khoản dự phòngLỗ chênh lệch tỷ giá hối đoái do đánh giá lại các khoản mục tiền tệ có gốc ngoại tệLãi từ hoạt động đầu tưChi phí lãi vay và phát hành trái phiếu 28",507462534247,VND
"I. LƯU CHUYỀN TIỀN TỪ HOẠT ĐỘNG KINH DOANHTổng lợi nhuận kế toán trước thuếĐiều chỉnh cho các khoản:Khấu hao và hao mòn tài sản cố định và bắt động sản đầu tư 12, 13, 14Các khoản dự phòngLỗ chênh lệch tỷ giá hối đoái do đánh giá lại các khoản mục tiền tệ có gốc ngoại tệLãi từ hoạt động đầu tưChi phí lãi vay và phát hành trái phiếu 28",507462534247,VND
"I. LƯU CHUYỀN TIỀN TỪ HOẠT ĐỘNG KINH DOANHTổng lợi nhuận kế toán trước thuếĐiều chỉnh cho các khoản:Khấu hao và hao mòn tài sản cố định và bắt động sản đầu tư 12, 13, 14Các khoản dự phòngLỗ chênh lệch tỷ giá hối đoái do đánh giá lại các khoản mục tiền tệ có gốc ngoại tệLãi từ hoạt động đầu tưChi phí lãi vay và phát hành trái phiếu 28",507462534247,VND
"I. LƯU CHUYỀN TIỀN TỪ HOẠT ĐỘNG KINH DOANHTổng lợi nhuận kế toán trước thuếĐiều chỉnh cho các khoản:Khấu hao và hao mòn tài sản cố định và bắt động sản đầu tư 12, 13, 14Các khoản dự phòngLỗ chênh lệch tỷ giá hối đoái do đánh giá lại các khoản mục tiền tệ có gốc ngoại tệLãi từ hoạt động đầu tưChi phí lãi vay và phát hành trái phiếu 28",507462534247,VND
"I. LƯU CHUYỀN TIỀN TỪ HOẠT ĐỘNG KINH DOANHTổng lợi nhuận kế toán trước thuếĐiều chỉnh cho các khoản:Khấu hao và hao mòn tài sản cố định và bắt động sản đầu tư 12, 13, 14Các khoản dự phòngLỗ chênh lệch tỷ giá hối đoái do đánh giá lại các khoản mục tiền tệ có gốc ngoại tệLãi từ hoạt động đầu tưChi phí lãi vay và phát hành trái phiếu 28",507462534247,VND
"I. LƯU CHUYỀN TIỀN TỪ HOẠT ĐỘNG KINH DOANHTổng lợi nhuận kế toán trước thuếĐiều chỉnh cho các khoản:Khấu hao và hao mòn tài sản cố định và bắt động sản đầu tư 12, 13, 14Các khoản dự phòngLỗ chênh lệch tỷ giá hối đoái do đánh giá lại các khoản mục tiền tệ có gốc ngoại tệLãi từ hoạt động đầu tưChi phí lãi vay và phát hành trái phiếu 28",507462534247,VND
"I. LƯU CHUYỀN TIỀN TỪ HOẠT ĐỘNG KINH DOANHTổng lợi nhuận kế toán trước thuếĐiều chỉnh cho các khoản:Khấu hao và hao mòn tài sản cố định và bắt động sản đầu tư 12, 13, 14Các khoản dự phòngLỗ chênh lệch tỷ giá hối đoái do đánh giá lại các khoản mục tiền tệ có gốc ngoại tệLãi từ hoạt động đầu tưChi phí lãi vay và phát hành trái phiếu 28",507462534247,VND
"I. LƯU CHUYỀN TIỀN TỪ HOẠT ĐỘNG KINH DOANHTổng lợi nhuận kế toán trước thuếĐiều chỉnh cho các khoản:Khấu hao và hao mòn tài sản cố định và bắt động sản đầu tư 12, 13, 14Các khoản dự phòngLỗ chênh lệch tỷ giá hối đoái do đánh giá lại các khoản mục tiền tệ có gốc ngoại tệLãi từ hoạt động đầu tưChi phí lãi vay và phát hành trái phiếu 28",507462534247,VND
"I. LƯU CHUYỀN TIỀN TỪ HOẠT ĐỘNG KINH DOANHTổng lợi nhuận kế toán trước thuếĐiều chỉnh cho các khoản:Khấu hao và hao mòn tài sản cố định và bắt động sản đầu tư 12, 13, 14Các khoản dự phòngLỗ chênh lệch tỷ giá hối đoái do đánh giá lại các khoản mục tiền tệ có gốc ngoại tệLãi từ hoạt động đầu tưChi phí lãi vay và phát hành trái phiếu 28",507462534247,VND
"I. LƯU CHUYỀN TIỀN TỪ HOẠT ĐỘNG KINH DOANHTổng lợi nhuận kế toán trước thuếĐiều chỉnh cho các khoản:Khấu hao và hao mòn tài sản cố định và bắt động sản đầu tư 12, 13, 14Các khoản dự phòngLỗ chênh lệch tỷ giá hối đoái do đánh giá lại các khoản mục tiền tệ có gốc ngoại tệLãi từ hoạt động đầu tưChi phí lãi vay và phát hành trái phiếu 28",507462534247,VND
"I. LƯU CHUYỀN TIỀN TỪ HOẠT ĐỘNG KINH DOANHTổng lợi nhuận kế toán trước thuếĐiều chỉnh cho các khoản:Khấu hao và hao mòn tài sản cố định và bắt động sản đầu tư 12, 13, 14Các khoản dự phòngLỗ chênh lệch tỷ giá hối đoái do đánh giá lại các khoản mục tiền tệ có gốc ngoại tệLãi từ hoạt động đầu tưChi phí lãi vay và phát hành trái phiếu 28",507462534247,VND
"I. LƯU CHUYỀN TIỀN TỪ HOẠT ĐỘNG KINH DOANHTổng lợi nhuận kế toán trước thuếĐiều chỉnh cho các khoản:Khấu hao và hao mòn tài sản cố định và bắt động sản đầu tư 12, 13, 14Các khoản dự phòngLỗ chênh lệch tỷ giá hối đoái do đánh giá lại các khoản mục tiền tệ có gốc ngoại tệLãi từ hoạt động đầu tưChi phí lãi vay và phát hành trái phiếu 28",507462534247,VND
"I. LƯU CHUYỀN TIỀN TỪ HOẠT ĐỘNG KINH DOANHTổng lợi nhuận kế toán trước thuếĐiều chỉnh cho các khoản:Khấu hao và hao mòn tài sản cố định và bắt động sản đầu tư 12, 13, 14Các khoản dự phòngLỗ chênh lệch tỷ giá hối đoái do đánh giá lại các khoản mục tiền tệ có gốc ngoại tệLãi từ hoạt động đầu tưChi phí lãi vay và phát hành trái phiếu 28",507462534247,VND
"I. LƯU CHUYỀN TIỀN TỪ HOẠT ĐỘNG KINH DOANHTổng lợi nhuận kế toán trước thuếĐiều chỉnh cho các khoản:Khấu hao và hao mòn tài sản cố định và bắt động sản đầu tư 12, 13, 14Các khoản dự phòngLỗ chênh lệch tỷ giá hối đoái do đánh giá lại các khoản mục tiền tệ có gốc ngoại tệLãi từ hoạt động đầu tưChi phí lãi vay và phát hành trái phiếu 28",507462534247,VND
"I. LƯU CHUYỀN TIỀN TỪ HOẠT ĐỘNG KINH DOANHTổng lợi nhuận kế toán trước thuếĐiều chỉnh cho các khoản:Khấu hao và hao mòn tài sản cố định và bắt động sản đầu tư 12, 13, 14Các khoản dự phòngLỗ chênh lệch tỷ giá hối đoái do đánh giá lại các khoản mục tiền tệ có gốc ngoại tệLãi từ hoạt động đầu tưChi phí lãi vay và phát hành trái phiếu 28",507462534247,VND
"I. LƯU CHUYỀN TIỀN TỪ HOẠT ĐỘNG KINH DOANHTổng lợi nhuận kế toán trước thuếĐiều chỉnh cho các khoản:Khấu hao và hao mòn tài sản cố định và bắt động sản đầu tư 12, 13, 14Các khoản dự phòngLỗ chênh lệch tỷ giá hối đoái do đánh giá lại các khoản mục tiền tệ có gốc ngoại tệLãi từ hoạt động đầu tưChi phí lãi vay và phát hành trái phiếu 28",507462534247,VND
"I. LƯU CHUYỀN TIỀN TỪ HOẠT ĐỘNG KINH DOANHTổng lợi nhuận kế toán trước thuếĐiều chỉnh cho các khoản:Khấu hao và hao mòn tài sản cố định và bắt động sản đầu tư 12, 13, 14Các khoản dự phòngLỗ chênh lệch tỷ giá hối đoái do đánh giá lại các khoản mục tiền tệ có gốc ngoại tệLãi từ hoạt động đầu tưChi phí lãi vay và phát hành trái phiếu 28",507462534247,VND
"I. LƯU CHUYỀN TIỀN TỪ HOẠT ĐỘNG KINH DOANHTổng lợi nhuận kế toán trước thuếĐiều chỉnh cho các khoản:Khấu hao và hao mòn tài sản cố định và bắt động sản đầu tư 12, 13, 14Các khoản dự phòngLỗ chênh lệch tỷ giá hối đoái do đánh giá lại các khoản mục tiền tệ có gốc ngoại tệLãi từ hoạt động đầu tưChi phí lãi vay và phát hành trái phiếu 28",507462534247,VND
"I. LƯU CHUYỀN TIỀN TỪ HOẠT ĐỘNG KINH DOANHTổng lợi nhuận kế toán trước thuếĐiều chỉnh cho các khoản:Khấu hao và hao mòn tài sản cố định và bắt động sản đầu tư 12, 13, 14Các khoản dự phòngLỗ chênh lệch tỷ giá hối đoái do đánh giá lại các khoản mục tiền tệ có gốc ngoại tệLãi từ hoạt động đầu tưChi phí lãi vay và phát hành trái phiếu 28",507462534247,VND
"I. LƯU CHUYỀN TIỀN TỪ HOẠT ĐỘNG KINH DOANHTổng lợi nhuận kế toán trước thuếĐiều chỉnh cho các khoản:Khấu hao và hao mòn tài sản cố định và bắt động sản đầu tư 12, 13, 14Các khoản dự phòngLỗ chênh lệch tỷ giá hối đoái do đánh giá lại các khoản mục tiền tệ có gốc ngoại tệLãi từ hoạt động đầu tưChi phí lãi vay và phát hành trái phiếu 28",507462534247,VND
"I. LƯU CHUYỀN TIỀN TỪ HOẠT ĐỘNG KINH DOANHTổng lợi nhuận kế toán trước thuếĐiều chỉnh cho các khoản:Khấu hao và hao mòn tài sản cố định và bắt động sản đầu tư 12, 13, 14Các khoản dự phòngLỗ chênh lệch tỷ giá hối đoái do đánh giá lại các khoản mục tiền tệ có gốc ngoại tệLãi từ hoạt động đầu tưChi phí lãi vay và phát hành trái phiếu 28",507462534247,VND
"I. LƯU CHUYỀN TIỀN TỪ HOẠT ĐỘNG KINH DOANHTổng lợi nhuận kế toán trước thuếĐiều chỉnh cho các khoản:Khấu hao và hao mòn tài sản cố định và bắt động sản đầu tư 12, 13, 14Các khoản dự phòngLỗ chênh lệch tỷ giá hối đoái do đánh giá lại các khoản mục tiền tệ có gốc ngoại tệLãi từ hoạt động đầu tưChi phí lãi vay và phát hành trái phiếu 28",507462534247,VND
"I. LƯU CHUYỀN TIỀN TỪ HOẠT ĐỘNG KINH DOANHTổng lợi nhuận kế toán trước thuếĐiều chỉnh cho các khoản:Khấu hao và hao mòn tài sản cố định và bắt động sản đầu tư 12, 13, 14Các khoản dự phòngLỗ chênh lệch tỷ giá hối đoái do đánh giá lại các khoản mục tiền tệ có gốc ngoại tệLãi từ hoạt động đầu tưChi phí lãi vay và phát hành trái phiếu 28",507462534247,VND
"I. LƯU CHUYỀN TIỀN TỪ HOẠT ĐỘNG KINH DOANHTổng lợi nhuận kế toán trước thuếĐiều chỉnh cho các khoản:Khấu hao và hao mòn tài sản cố định và bắt động sản đầu tư 12, 13, 14Các khoản dự phòngLỗ chênh lệch tỷ giá hối đoái do đánh giá lại các khoản mục tiền tệ có gốc ngoại tệLãi từ hoạt động đầu tưChi phí lãi vay và phát hành trái phiếu 28",507462534247,VND
"I. LƯU CHUYỀN TIỀN TỪ HOẠT ĐỘNG KINH DOANHTổng lợi nhuận kế toán trước thuếĐiều chỉnh cho các khoản:Khấu hao và hao mòn tài sản cố định và bắt động sản đầu tư 12, 13, 14Các khoản dự phòngLỗ chênh lệch tỷ giá hối đoái do đánh giá lại các khoản mục tiền tệ có gốc ngoại tệLãi từ hoạt động đầu tưChi phí lãi vay và phát hành trái phiếu 28",507462534247,VND
"I. LƯU CHUYỀN TIỀN TỪ HOẠT ĐỘNG KINH DOANHTổng lợi nhuận kế toán trước thuếĐiều chỉnh cho các khoản:Khấu hao và hao mòn tài sản cố định và bắt động sản đầu tư 12, 13, 14Các khoản dự phòngLỗ chênh lệch tỷ giá hối đoái do đánh giá lại các khoản mục tiền tệ có gốc ngoại tệLãi từ hoạt động đầu tưChi phí lãi vay và phát hành trái phiếu 28",507462534247,VND
"I. LƯU CHUYỀN TIỀN TỪ HOẠT ĐỘNG KINH DOANHTổng lợi nhuận kế toán trước thuếĐiều chỉnh cho các khoản:Khấu hao và hao mòn tài sản cố định và bắt động sản đầu tư 12, 13, 14Các khoản dự phòngLỗ chênh lệch tỷ giá hối đoái do đánh giá lại các khoản mục tiền tệ có gốc ngoại tệLãi từ hoạt động đầu tưChi phí lãi vay và phát hành trái phiếu 28",507462534247,VND
"I. LƯU CHUYỀN TIỀN TỪ HOẠT ĐỘNG KINH DOANHTổng lợi nhuận kế toán trước thuếĐiều chỉnh cho các khoản:Khấu hao và hao mòn tài sản cố định và bắt động sản đầu tư 12, 13, 14Các khoản dự phòngLỗ chênh lệch tỷ giá hối đoái do đánh giá lại các khoản mục tiền tệ có gốc ngoại tệLãi từ hoạt động đầu tưChi phí lãi vay và phát hành trái phiếu 28",507462534247,VND
"I. LƯU CHUYỀN TIỀN TỪ HOẠT ĐỘNG KINH DOANHTổng lợi nhuận kế toán trước thuếĐiều chỉnh cho các khoản:Khấu hao và hao mòn tài sản cố định và bắt động sản đầu tư 12, 13, 14Các khoản dự phòngLỗ chênh lệch tỷ giá hối đoái do đánh giá lại các khoản mục tiền tệ có gốc ngoại tệLãi từ hoạt động đầu tưChi phí lãi vay và phát hành trái phiếu 28",507462534247,VND
"I. LƯU CHUYỀN TIỀN TỪ HOẠT ĐỘNG KINH DOANHTổng lợi nhuận kế toán trước thuếĐiều chỉnh cho các khoản:Khấu hao và hao mòn tài sản cố định và bắt động sản đầu tư 12, 13, 14Các khoản dự phòngLỗ chênh lệch tỷ giá hối đoái do đánh giá lại các khoản mục tiền tệ có gốc ngoại tệLãi từ hoạt động đầu tưChi phí lãi vay và phát hành trái phiếu 28",507462534247,VND
"I. LƯU CHUYỀN TIỀN TỪ HOẠT ĐỘNG KINH DOANHTổng lợi nhuận kế toán trước thuếĐiều chỉnh cho các khoản:Khấu hao và hao mòn tài sản cố định và bắt động sản đầu tư 12, 13, 14Các khoản dự phòngLỗ chênh lệch tỷ giá hối đoái do đánh giá lại các khoản mục tiền tệ có gốc ngoại tệLãi từ hoạt động đầu tưChi phí lãi vay và phát hành trái phiếu 28",507462534247,VND
"I. LƯU CHUYỀN TIỀN TỪ HOẠT ĐỘNG KINH DOANHTổng lợi nhuận kế toán trước thuếĐiều chỉnh cho các khoản:Khấu hao và hao mòn tài sản cố định và bắt động sản đầu tư 12, 13, 14Các khoản dự phòngLỗ chênh lệch tỷ giá hối đoái do đánh giá lại các khoản mục tiền tệ có gốc ngoại tệLãi từ hoạt động đầu tưChi phí lãi vay và phát hành trái phiếu 28",507462534247,VND
"I. LƯU CHUYỀN TIỀN TỪ HOẠT ĐỘNG KINH DOANHTổng lợi nhuận kế toán trước thuếĐiều chỉnh cho các khoản:Khấu hao và hao mòn tài sản cố định và bắt động sản đầu tư 12, 13, 14Các khoản dự phòngLỗ chênh lệch tỷ giá hối đoái do đánh giá lại các khoản mục tiền tệ có gốc ngoại tệLãi từ hoạt động đầu tưChi phí lãi vay và phát hành trái phiếu 28",507462534247,VND
"I. LƯU CHUYỀN TIỀN TỪ HOẠT ĐỘNG KINH DOANHTổng lợi nhuận kế toán trước thuếĐiều chỉnh cho các khoản:Khấu hao và hao mòn tài sản cố định và bắt động sản đầu tư 12, 13, 14Các khoản dự phòngLỗ chênh lệch tỷ giá hối đoái do đánh giá lại các khoản mục tiền tệ có gốc ngoại tệLãi từ hoạt động đầu tưChi phí lãi vay và phát hành trái phiếu 28",507462534247,VND
"I. LƯU CHUYỀN TIỀN TỪ HOẠT ĐỘNG KINH DOANHTổng lợi nhuận kế toán trước thuếĐiều chỉnh cho các khoản:Khấu hao và hao mòn tài sản cố định và bắt động sản đầu tư 12, 13, 14Các khoản dự phòngLỗ chênh lệch tỷ giá hối đoái do đánh giá lại các khoản mục tiền tệ có gốc ngoại tệLãi từ hoạt động đầu tưChi phí lãi vay và phát hành trái phiếu 28",507462534247,VND
"I. LƯU CHUYỀN TIỀN TỪ HOẠT ĐỘNG KINH DOANHTổng lợi nhuận kế toán trước thuếĐiều chỉnh cho các khoản:Khấu hao và hao mòn tài sản cố định và bắt động sản đầu tư 12, 13, 14Các khoản dự phòngLỗ chênh lệch tỷ giá hối đoái do đánh giá lại các khoản mục tiền tệ có gốc ngoại tệLãi từ hoạt động đầu tưChi phí lãi vay và phát hành trái phiếu 28",507462534247,VND
"I. LƯU CHUYỀN TIỀN TỪ HOẠT ĐỘNG KINH DOANHTổng lợi nhuận kế toán trước thuếĐiều chỉnh cho các khoản:Khấu hao và hao mòn tài sản cố định và bắt động sản đầu tư 12, 13, 14Các khoản dự phòngLỗ chênh lệch tỷ giá hối đoái do đánh giá lại các khoản mục tiền tệ có gốc ngoại tệLãi từ hoạt động đầu tưChi phí lãi vay và phát hành trái phiếu 28",507462534247,VND
"I. LƯU CHUYỀN TIỀN TỪ HOẠT ĐỘNG KINH DOANHTổng lợi nhuận kế toán trước thuếĐiều chỉnh cho các khoản:Khấu hao và hao mòn tài sản cố định và bắt động sản đầu tư 12, 13, 14Các khoản dự phòngLỗ chênh lệch tỷ giá hối đoái do đánh giá lại các khoản mục tiền tệ có gốc ngoại tệLãi từ hoạt động đầu tưChi phí lãi vay và phát hành trái phiếu 28",507462534247,VND
"I. LƯU CHUYỀN TIỀN TỪ HOẠT ĐỘNG KINH DOANHTổng lợi nhuận kế toán trước thuếĐiều chỉnh cho các khoản:Khấu hao và hao mòn tài sản cố định và bắt động sản đầu tư 12, 13, 14Các khoản dự phòngLỗ chênh lệch tỷ giá hối đoái do đánh giá lại các khoản mục tiền tệ có gốc ngoại tệLãi từ hoạt động đầu tưChi phí lãi vay và phát hành trái phiếu 28",507462534247,VND
"I. LƯU CHUYỀN TIỀN TỪ HOẠT ĐỘNG KINH DOANHTổng lợi nhuận kế toán trước thuếĐiều chỉnh cho các khoản:Khấu hao và hao mòn tài sản cố định và bắt động sản đầu tư 12, 13, 14Các khoản dự phòngLỗ chênh lệch tỷ giá hối đoái do đánh giá lại các khoản mục tiền tệ có gốc ngoại tệLãi từ hoạt động đầu tưChi phí lãi vay và phát hành trái phiếu 28",507462534247,VND
"I. LƯU CHUYỀN TIỀN TỪ HOẠT ĐỘNG KINH DOANHTổng lợi nhuận kế toán trước thuếĐiều chỉnh cho các khoản:Khấu hao và hao mòn tài sản cố định và bắt động sản đầu tư 12, 13, 14Các khoản dự phòngLỗ chênh lệch tỷ giá hối đoái do đánh giá lại các khoản mục tiền tệ có gốc ngoại tệLãi từ hoạt động đầu tưChi phí lãi vay và phát hành trái phiếu 28",507462534247,VND
"I. LƯU CHUYỀN TIỀN TỪ HOẠT ĐỘNG KINH DOANHTổng lợi nhuận kế toán trước thuếĐiều chỉnh cho các khoản:Khấu hao và hao mòn tài sản cố định và bắt động sản đầu tư 12, 13, 14Các khoản dự phòngLỗ chênh lệch tỷ giá hối đoái do đánh giá lại các khoản mục tiền tệ có gốc ngoại tệLãi từ hoạt động đầu tưChi phí lãi vay và phát hành trái phiếu 28",507462534247,VND
"I. LƯU CHUYỀN TIỀN TỪ HOẠT ĐỘNG KINH DOANHTổng lợi nhuận kế toán trước thuếĐiều chỉnh cho các khoản:Khấu hao và hao mòn tài sản cố định và bắt động sản đầu tư 12, 13, 14Các khoản dự phòngLỗ chênh lệch tỷ giá hối đoái do đánh giá lại các khoản mục tiền tệ có gốc ngoại tệLãi từ hoạt động đầu tưChi phí lãi vay và phát hành trái phiếu 28",507462534247,VND
"I. LƯU CHUYỀN TIỀN TỪ HOẠT ĐỘNG KINH DOANHTổng lợi nhuận kế toán trước thuếĐiều chỉnh cho các khoản:Khấu hao và hao mòn tài sản cố định và bắt động sản đầu tư 12, 13, 14Các khoản dự phòngLỗ chênh lệch tỷ giá hối đoái do đánh giá lại các khoản mục tiền tệ có gốc ngoại tệLãi từ hoạt động đầu tưChi phí lãi vay và phát hành trái phiếu 28",507462534247,VND
"I. LƯU CHUYỀN TIỀN TỪ HOẠT ĐỘNG KINH DOANHTổng lợi nhuận kế toán trước thuếĐiều chỉnh cho các khoản:Khấu hao và hao mòn tài sản cố định và bắt động sản đầu tư 12, 13, 14Các khoản dự phòngLỗ chênh lệch tỷ giá hối đoái do đánh giá lại các khoản mục tiền tệ có gốc ngoại tệLãi từ hoạt động đầu tưChi phí lãi vay và phát hành trái phiếu 28",507462534247,VND
"I. LƯU CHUYỀN TIỀN TỪ HOẠT ĐỘNG KINH DOANHTổng lợi nhuận kế toán trước thuếĐiều chỉnh cho các khoản:Khấu hao và hao mòn tài sản cố định và bắt động sản đầu tư 12, 13, 14Các khoản dự phòngLỗ chênh lệch tỷ giá hối đoái do đánh giá lại các khoản mục tiền tệ có gốc ngoại tệLãi từ hoạt động đầu tưChi phí lãi vay và phát hành trái phiếu 28",507462534247,VND
"I. LƯU CHUYỀN TIỀN TỪ HOẠT ĐỘNG KINH DOANHTổng lợi nhuận kế toán trước thuếĐiều chỉnh cho các khoản:Khấu hao và hao mòn tài sản cố định và bắt động sản đầu tư 12, 13, 14Các khoản dự phòngLỗ chênh lệch tỷ giá hối đoái do đánh giá lại các khoản mục tiền tệ có gốc ngoại tệLãi từ hoạt động đầu tưChi phí lãi vay và phát hành trái phiếu 28",507462534247,VND
"I. LƯU CHUYỀN TIỀN TỪ HOẠT ĐỘNG KINH DOANHTổng lợi nhuận kế toán trước thuếĐiều chỉnh cho các khoản:Khấu hao và hao mòn tài sản cố định và bắt động sản đầu tư 12, 13, 14Các khoản dự phòngLỗ chênh lệch tỷ giá hối đoái do đánh giá lại các khoản mục tiền tệ có gốc ngoại tệLãi từ hoạt động đầu tưChi phí lãi vay và phát hành trái phiếu 28",507462534247,VND
"I. LƯU CHUYỀN TIỀN TỪ HOẠT ĐỘNG KINH DOANHTổng lợi nhuận kế toán trước thuếĐiều chỉnh cho các khoản:Khấu hao và hao mòn tài sản cố định và bắt động sản đầu tư 12, 13, 14Các khoản dự phòngLỗ chênh lệch tỷ giá hối đoái do đánh giá lại các khoản mục tiền tệ có gốc ngoại tệLãi từ hoạt động đầu tưChi phí lãi vay và phát hành trái phiếu 28",507462534247,VND
"I. LƯU CHUYỀN TIỀN TỪ HOẠT ĐỘNG KINH DOANHTổng lợi nhuận kế toán trước thuếĐiều chỉnh cho các khoản:Khấu hao và hao mòn tài sản cố định và bắt động sản đầu tư 12, 13, 14Các khoản dự phòngLỗ chênh lệch tỷ giá hối đoái do đánh giá lại các khoản mục tiền tệ có gốc ngoại tệLãi từ hoạt động đầu tưChi phí lãi vay và phát hành trái phiếu 28",507462534247,VND
"I. LƯU CHUYỀN TIỀN TỪ HOẠT ĐỘNG KINH DOANHTổng lợi nhuận kế toán trước thuếĐiều chỉnh cho các khoản:Khấu hao và hao mòn tài sản cố định và bắt động sản đầu tư 12, 13, 14Các khoản dự phòngLỗ chênh lệch tỷ giá hối đoái do đánh giá lại các khoản mục tiền tệ có gốc ngoại tệLãi từ hoạt động đầu tưChi phí lãi vay và phát hành trái phiếu 28",507462534247,VND
"I. LƯU CHUYỀN TIỀN TỪ HOẠT ĐỘNG KINH DOANHTổng lợi nhuận kế toán trước thuếĐiều chỉnh cho các khoản:Khấu hao và hao mòn tài sản cố định và bắt động sản đầu tư 12, 13, 14Các khoản dự phòngLỗ chênh lệch tỷ giá hối đoái do đánh giá lại các khoản mục tiền tệ có gốc ngoại tệLãi từ hoạt động đầu tưChi phí lãi vay và phát hành trái phiếu 28",507462534247,VND
"I. LƯU CHUYỀN TIỀN TỪ HOẠT ĐỘNG KINH DOANHTổng lợi nhuận kế toán trước thuếĐiều chỉnh cho các khoản:Khấu hao và hao mòn tài sản cố định và bắt động sản đầu tư 12, 13, 14Các khoản dự phòngLỗ chênh lệch tỷ giá hối đoái do đánh giá lại các khoản mục tiền tệ có gốc ngoại tệLãi từ hoạt động đầu tưChi phí lãi vay và phát hành trái phiếu 28",507462534247,VND
"I. LƯU CHUYỀN TIỀN TỪ HOẠT ĐỘNG KINH DOANHTổng lợi nhuận kế toán trước thuếĐiều chỉnh cho các khoản:Khấu hao và hao mòn tài sản cố định và bắt động sản đầu tư 12, 13, 14Các khoản dự phòngLỗ chênh lệch tỷ giá hối đoái do đánh giá lại các khoản mục tiền tệ có gốc ngoại tệLãi từ hoạt động đầu tưChi phí lãi vay và phát hành trái phiếu 28",507462534247,VND
"I. LƯU CHUYỀN TIỀN TỪ HOẠT ĐỘNG KINH DOANHTổng lợi nhuận kế toán trước thuếĐiều chỉnh cho các khoản:Khấu hao và hao mòn tài sản cố định và bắt động sản đầu tư 12, 13, 14Các khoản dự phòngLỗ chênh lệch tỷ giá hối đoái do đánh giá lại các khoản mục tiền tệ có gốc ngoại tệLãi từ hoạt động đầu tưChi phí lãi vay và phát hành trái phiếu 28",507462534247,VND
"I. LƯU CHUYỀN TIỀN TỪ HOẠT ĐỘNG KINH DOANHTổng lợi nhuận kế toán trước thuếĐiều chỉnh cho các khoản:Khấu hao và hao mòn tài sản cố định và bắt động sản đầu tư 12, 13, 14Các khoản dự phòngLỗ chênh lệch tỷ giá hối đoái do đánh giá lại các khoản mục tiền tệ có gốc ngoại tệLãi từ hoạt động đầu tưChi phí lãi vay và phát hành trái phiếu 28",507462534247,VND
"I. LƯU CHUYỀN TIỀN TỪ HOẠT ĐỘNG KINH DOANHTổng lợi nhuận kế toán trước thuếĐiều chỉnh cho các khoản:Khấu hao và hao mòn tài sản cố định và bắt động sản đầu tư 12, 13, 14Các khoản dự phòngLỗ chênh lệch tỷ giá hối đoái do đánh giá lại các khoản mục tiền tệ có gốc ngoại tệLãi từ hoạt động đầu tưChi phí lãi vay và phát hành trái phiếu 28",507462534247,VND
"I. LƯU CHUYỀN TIỀN TỪ HOẠT ĐỘNG KINH DOANHTổng lợi nhuận kế toán trước thuếĐiều chỉnh cho các khoản:Khấu hao và hao mòn tài sản cố định và bắt động sản đầu tư 12, 13, 14Các khoản dự phòngLỗ chênh lệch tỷ giá hối đoái do đánh giá lại các khoản mục tiền tệ có gốc ngoại tệLãi từ hoạt động đầu tưChi phí lãi vay và phát hành trái phiếu 28",507462534247,VND
"I. LƯU CHUYỀN TIỀN TỪ HOẠT ĐỘNG KINH DOANHTổng lợi nhuận kế toán trước thuếĐiều chỉnh cho các khoản:Khấu hao và hao mòn tài sản cố định và bắt động sản đầu tư 12, 13, 14Các khoản dự phòngLỗ chênh lệch tỷ giá hối đoái do đánh giá lại các khoản mục tiền tệ có gốc ngoại tệLãi từ hoạt động đầu tưChi phí lãi vay và phát hành trái phiếu 28",507462534247,VND
"I. LƯU CHUYỀN TIỀN TỪ HOẠT ĐỘNG KINH DOANHTổng lợi nhuận kế toán trước thuếĐiều chỉnh cho các khoản:Khấu hao và hao mòn tài sản cố định và bắt động sản đầu tư 12, 13, 14Các khoản dự phòngLỗ chênh lệch tỷ giá hối đoái do đánh giá lại các khoản mục tiền tệ có gốc ngoại tệLãi từ hoạt động đầu tưChi phí lãi vay và phát hành trái phiếu 28",507462534247,VND
"I. LƯU CHUYỀN TIỀN TỪ HOẠT ĐỘNG KINH DOANHTổng lợi nhuận kế toán trước thuếĐiều chỉnh cho các khoản:Khấu hao và hao mòn tài sản cố định và bắt động sản đầu tư 12, 13, 14Các khoản dự phòngLỗ chênh lệch tỷ giá hối đoái do đánh giá lại các khoản mục tiền tệ có gốc ngoại tệLãi từ hoạt động đầu tưChi phí lãi vay và phát hành trái phiếu 28",507462534247,VND
"I. LƯU CHUYỀN TIỀN TỪ HOẠT ĐỘNG KINH DOANHTổng lợi nhuận kế toán trước thuếĐiều chỉnh cho các khoản:Khấu hao và hao mòn tài sản cố định và bắt động sản đầu tư 12, 13, 14Các khoản dự phòngLỗ chênh lệch tỷ giá hối đoái do đánh giá lại các khoản mục tiền tệ có gốc ngoại tệLãi từ hoạt động đầu tưChi phí lãi vay và phát hành trái phiếu 28",507462534247,VND
"I. LƯU CHUYỀN TIỀN TỪ HOẠT ĐỘNG KINH DOANHTổng lợi nhuận kế toán trước thuếĐiều chỉnh cho các khoản:Khấu hao và hao mòn tài sản cố định và bắt động sản đầu tư 12, 13, 14Các khoản dự phòngLỗ chênh lệch tỷ giá hối đoái do đánh giá lại các khoản mục tiền tệ có gốc ngoại tệLãi từ hoạt động đầu tưChi phí lãi vay và phát hành trái phiếu 28",507462534247,VND
"I. LƯU CHUYỀN TIỀN TỪ HOẠT ĐỘNG KINH DOANHTổng lợi nhuận kế toán trước thuếĐiều chỉnh cho các khoản:Khấu hao và hao mòn tài sản cố định và bắt động sản đầu tư 12, 13, 14Các khoản dự phòngLỗ chênh lệch tỷ giá hối đoái do đánh giá lại các khoản mục tiền tệ có gốc ngoại tệLãi từ hoạt động đầu tưChi phí lãi vay và phát hành trái phiếu 28",507462534247,VND
"I. LƯU CHUYỀN TIỀN TỪ HOẠT ĐỘNG KINH DOANHTổng lợi nhuận kế toán trước thuếĐiều chỉnh cho các khoản:Khấu hao và hao mòn tài sản cố định và bắt động sản đầu tư 12, 13, 14Các khoản dự phòngLỗ chênh lệch tỷ giá hối đoái do đánh giá lại các khoản mục tiền tệ có gốc ngoại tệLãi từ hoạt động đầu tưChi phí lãi vay và phát hành trái phiếu 28",507462534247,VND
"I. LƯU CHUYỀN TIỀN TỪ HOẠT ĐỘNG KINH DOANHTổng lợi nhuận kế toán trước thuếĐiều chỉnh cho các khoản:Khấu hao và hao mòn tài sản cố định và bắt động sản đầu tư 12, 13, 14Các khoản dự phòngLỗ chênh lệch tỷ giá hối đoái do đánh giá lại các khoản mục tiền tệ có gốc ngoại tệLãi từ hoạt động đầu tưChi phí lãi vay và phát hành trái phiếu 28",507462534247,VND
"I. LƯU CHUYỀN TIỀN TỪ HOẠT ĐỘNG KINH DOANHTổng lợi nhuận kế toán trước thuếĐiều chỉnh cho các khoản:Khấu hao và hao mòn tài sản cố định và bắt động sản đầu tư 12, 13, 14Các khoản dự phòngLỗ chênh lệch tỷ giá hối đoái do đánh giá lại các khoản mục tiền tệ có gốc ngoại tệLãi từ hoạt động đầu tưChi phí lãi vay và phát hành trái phiếu 28",507462534247,VND
"I. LƯU CHUYỀN TIỀN TỪ HOẠT ĐỘNG KINH DOANHTổng lợi nhuận kế toán trước thuếĐiều chỉnh cho các khoản:Khấu hao và hao mòn tài sản cố định và bắt động sản đầu tư 12, 13, 14Các khoản dự phòngLỗ chênh lệch tỷ giá hối đoái do đánh giá lại các khoản mục tiền tệ có gốc ngoại tệLãi từ hoạt động đầu tưChi phí lãi vay và phát hành trái phiếu 28",507462534247,VND
"I. LƯU CHUYỀN TIỀN TỪ HOẠT ĐỘNG KINH DOANHTổng lợi nhuận kế toán trước thuếĐiều chỉnh cho các khoản:Khấu hao và hao mòn tài sản cố định và bắt động sản đầu tư 12, 13, 14Các khoản dự phòngLỗ chênh lệch tỷ giá hối đoái do đánh giá lại các khoản mục tiền tệ có gốc ngoại tệLãi từ hoạt động đầu tưChi phí lãi vay và phát hành trái phiếu 28",507462534247,VND
"I. LƯU CHUYỀN TIỀN TỪ HOẠT ĐỘNG KINH DOANHTổng lợi nhuận kế toán trước thuếĐiều chỉnh cho các khoản:Khấu hao và hao mòn tài sản cố định và bắt động sản đầu tư 12, 13, 14Các khoản dự phòngLỗ chênh lệch tỷ giá hối đoái do đánh giá lại các khoản mục tiền tệ có gốc ngoại tệLãi từ hoạt động đầu tưChi phí lãi vay và phát hành trái phiếu 28",507462534247,VND
"I. LƯU CHUYỀN TIỀN TỪ HOẠT ĐỘNG KINH DOANHTổng lợi nhuận kế toán trước thuếĐiều chỉnh cho các khoản:Khấu hao và hao mòn tài sản cố định và bắt động sản đầu tư 12, 13, 14Các khoản dự phòngLỗ chênh lệch tỷ giá hối đoái do đánh giá lại các khoản mục tiền tệ có gốc ngoại tệLãi từ hoạt động đầu tưChi phí lãi vay và phát hành trái phiếu 28",507462534247,VND
"I. LƯU CHUYỀN TIỀN TỪ HOẠT ĐỘNG KINH DOANHTổng lợi nhuận kế toán trước thuếĐiều chỉnh cho các khoản:Khấu hao và hao mòn tài sản cố định và bắt động sản đầu tư 12, 13, 14Các khoản dự phòngLỗ chênh lệch tỷ giá hối đoái do đánh giá lại các khoản mục tiền tệ có gốc ngoại tệLãi từ hoạt động đầu tưChi phí lãi vay và phát hành trái phiếu 28",507462534247,VND
"I. LƯU CHUYỀN TIỀN TỪ HOẠT ĐỘNG KINH DOANHTổng lợi nhuận kế toán trước thuếĐiều chỉnh cho các khoản:Khấu hao và hao mòn tài sản cố định và bắt động sản đầu tư 12, 13, 14Các khoản dự phòngLỗ chênh lệch tỷ giá hối đoái do đánh giá lại các khoản mục tiền tệ có gốc ngoại tệLãi từ hoạt động đầu tưChi phí lãi vay và phát hành trái phiếu 28",507462534247,VND
"I. LƯU CHUYỀN TIỀN TỪ HOẠT ĐỘNG KINH DOANHTổng lợi nhuận kế toán trước thuếĐiều chỉnh cho các khoản:Khấu hao và hao mòn tài sản cố định và bắt động sản đầu tư 12, 13, 14Các khoản dự phòngLỗ chênh lệch tỷ giá hối đoái do đánh giá lại các khoản mục tiền tệ có gốc ngoại tệLãi từ hoạt động đầu tưChi phí lãi vay và phát hành trái phiếu 28",507462534247,VND
"I. LƯU CHUYỀN TIỀN TỪ HOẠT ĐỘNG KINH DOANHTổng lợi nhuận kế toán trước thuếĐiều chỉnh cho các khoản:Khấu hao và hao mòn tài sản cố định và bắt động sản đầu tư 12, 13, 14Các khoản dự phòngLỗ chênh lệch tỷ giá hối đoái do đánh giá lại các khoản mục tiền tệ có gốc ngoại tệLãi từ hoạt động đầu tưChi phí lãi vay và phát hành trái phiếu 28",507462534247,VND
"I. LƯU CHUYỀN TIỀN TỪ HOẠT ĐỘNG KINH DOANHTổng lợi nhuận kế toán trước thuếĐiều chỉnh cho các khoản:Khấu hao và hao mòn tài sản cố định và bắt động sản đầu tư 12, 13, 14Các khoản dự phòngLỗ chênh lệch tỷ giá hối đoái do đánh giá lại các khoản mục tiền tệ có gốc ngoại tệLãi từ hoạt động đầu tưChi phí lãi vay và phát hành trái phiếu 28",507462534247,VND
"I. LƯU CHUYỀN TIỀN TỪ HOẠT ĐỘNG KINH DOANHTổng lợi nhuận kế toán trước thuếĐiều chỉnh cho các khoản:Khấu hao và hao mòn tài sản cố định và bắt động sản đầu tư 12, 13, 14Các khoản dự phòngLỗ chênh lệch tỷ giá hối đoái do đánh giá lại các khoản mục tiền tệ có gốc ngoại tệLãi từ hoạt động đầu tưChi phí lãi vay và phát hành trái phiếu 28",507462534247,VND
"I. LƯU CHUYỀN TIỀN TỪ HOẠT ĐỘNG KINH DOANHTổng lợi nhuận kế toán trước thuếĐiều chỉnh cho các khoản:Khấu hao và hao mòn tài sản cố định và bắt động sản đầu tư 12, 13, 14Các khoản dự phòngLỗ chênh lệch tỷ giá hối đoái do đánh giá lại các khoản mục tiền tệ có gốc ngoại tệLãi từ hoạt động đầu tưChi phí lãi vay và phát hành trái phiếu 28",507462534247,VND
"I. LƯU CHUYỀN TIỀN TỪ HOẠT ĐỘNG KINH DOANHTổng lợi nhuận kế toán trước thuếĐiều chỉnh cho các khoản:Khấu hao và hao mòn tài sản cố định và bắt động sản đầu tư 12, 13, 14Các khoản dự phòngLỗ chênh lệch tỷ giá hối đoái do đánh giá lại các khoản mục tiền tệ có gốc ngoại tệLãi từ hoạt động đầu tưChi phí lãi vay và phát hành trái phiếu 28",507462534247,VND
"I. LƯU CHUYỀN TIỀN TỪ HOẠT ĐỘNG KINH DOANHTổng lợi nhuận kế toán trước thuếĐiều chỉnh cho các khoản:Khấu hao và hao mòn tài sản cố định và bắt động sản đầu tư 12, 13, 14Các khoản dự phòngLỗ chênh lệch tỷ giá hối đoái do đánh giá lại các khoản mục tiền tệ có gốc ngoại tệLãi từ hoạt động đầu tưChi phí lãi vay và phát hành trái phiếu 28",507462534247,VND
"I. LƯU CHUYỀN TIỀN TỪ HOẠT ĐỘNG KINH DOANHTổng lợi nhuận kế toán trước thuếĐiều chỉnh cho các khoản:Khấu hao và hao mòn tài sản cố định và bắt động sản đầu tư 12, 13, 14Các khoản dự phòngLỗ chênh lệch tỷ giá hối đoái do đánh giá lại các khoản mục tiền tệ có gốc ngoại tệLãi từ hoạt động đầu tưChi phí lãi vay và phát hành trái phiếu 28",507462534247,VND
"I. LƯU CHUYỀN TIỀN TỪ HOẠT ĐỘNG KINH DOANHTổng lợi nhuận kế toán trước thuếĐiều chỉnh cho các khoản:Khấu hao và hao mòn tài sản cố định và bắt động sản đầu tư 12, 13, 14Các khoản dự phòngLỗ chênh lệch tỷ giá hối đoái do đánh giá lại các khoản mục tiền tệ có gốc ngoại tệLãi từ hoạt động đầu tưChi phí lãi vay và phát hành trái phiếu 28",507462534247,VND
"I. LƯU CHUYỀN TIỀN TỪ HOẠT ĐỘNG KINH DOANHTổng lợi nhuận kế toán trước thuếĐiều chỉnh cho các khoản:Khấu hao và hao mòn tài sản cố định và bắt động sản đầu tư 12, 13, 14Các khoản dự phòngLỗ chênh lệch tỷ giá hối đoái do đánh giá lại các khoản mục tiền tệ có gốc ngoại tệLãi từ hoạt động đầu tưChi phí lãi vay và phát hành trái phiếu 28",507462534247,VND
"I. LƯU CHUYỀN TIỀN TỪ HOẠT ĐỘNG KINH DOANHTổng lợi nhuận kế toán trước thuếĐiều chỉnh cho các khoản:Khấu hao và hao mòn tài sản cố định và bắt động sản đầu tư 12, 13, 14Các khoản dự phòngLỗ chênh lệch tỷ giá hối đoái do đánh giá lại các khoản mục tiền tệ có gốc ngoại tệLãi từ hoạt động đầu tưChi phí lãi vay và phát hành trái phiếu 28",507462534247,VND
"I. LƯU CHUYỀN TIỀN TỪ HOẠT ĐỘNG KINH DOANHTổng lợi nhuận kế toán trước thuếĐiều chỉnh cho các khoản:Khấu hao và hao mòn tài sản cố định và bắt động sản đầu tư 12, 13, 14Các khoản dự phòngLỗ chênh lệch tỷ giá hối đoái do đánh giá lại các khoản mục tiền tệ có gốc ngoại tệLãi từ hoạt động đầu tưChi phí lãi vay và phát hành trái phiếu 28",507462534247,VND
"I. LƯU CHUYỀN TIỀN TỪ HOẠT ĐỘNG KINH DOANHTổng lợi nhuận kế toán trước thuếĐiều chỉnh cho các khoản:Khấu hao và hao mòn tài sản cố định và bắt động sản đầu tư 12, 13, 14Các khoản dự phòngLỗ chênh lệch tỷ giá hối đoái do đánh giá lại các khoản mục tiền tệ có gốc ngoại tệLãi từ hoạt động đầu tưChi phí lãi vay và phát hành trái phiếu 28",507462534247,VND
"I. LƯU CHUYỀN TIỀN TỪ HOẠT ĐỘNG KINH DOANHTổng lợi nhuận kế toán trước thuếĐiều chỉnh cho các khoản:Khấu hao và hao mòn tài sản cố định và bắt động sản đầu tư 12, 13, 14Các khoản dự phòngLỗ chênh lệch tỷ giá hối đoái do đánh giá lại các khoản mục tiền tệ có gốc ngoại tệLãi từ hoạt động đầu tưChi phí lãi vay và phát hành trái phiếu 28",507462534247,VND
"I. LƯU CHUYỀN TIỀN TỪ HOẠT ĐỘNG KINH DOANHTổng lợi nhuận kế toán trước thuếĐiều chỉnh cho các khoản:Khấu hao và hao mòn tài sản cố định và bắt động sản đầu tư 12, 13, 14Các khoản dự phòngLỗ chênh lệch tỷ giá hối đoái do đánh giá lại các khoản mục tiền tệ có gốc ngoại tệLãi từ hoạt động đầu tưChi phí lãi vay và phát hành trái phiếu 28",507462534247,VND
"I. LƯU CHUYỀN TIỀN TỪ HOẠT ĐỘNG KINH DOANHTổng lợi nhuận kế toán trước thuếĐiều chỉnh cho các khoản:Khấu hao và hao mòn tài sản cố định và bắt động sản đầu tư 12, 13, 14Các khoản dự phòngLỗ chênh lệch tỷ giá hối đoái do đánh giá lại các khoản mục tiền tệ có gốc ngoại tệLãi từ hoạt động đầu tưChi phí lãi vay và phát hành trái phiếu 28",507462534247,VND
"I. LƯU CHUYỀN TIỀN TỪ HOẠT ĐỘNG KINH DOANHTổng lợi nhuận kế toán trước thuếĐiều chỉnh cho các khoản:Khấu hao và hao mòn tài sản cố định và bắt động sản đầu tư 12, 13, 14Các khoản dự phòngLỗ chênh lệch tỷ giá hối đoái do đánh giá lại các khoản mục tiền tệ có gốc ngoại tệLãi từ hoạt động đầu tưChi phí lãi vay và phát hành trái phiếu 28",507462534247,VND
"I. LƯU CHUYỀN TIỀN TỪ HOẠT ĐỘNG KINH DOANHTổng lợi nhuận kế toán trước thuếĐiều chỉnh cho các khoản:Khấu hao và hao mòn tài sản cố định và bắt động sản đầu tư 12, 13, 14Các khoản dự phòngLỗ chênh lệch tỷ giá hối đoái do đánh giá lại các khoản mục tiền tệ có gốc ngoại tệLãi từ hoạt động đầu tưChi phí lãi vay và phát hành trái phiếu 28",507462534247,VND
"I. LƯU CHUYỀN TIỀN TỪ HOẠT ĐỘNG KINH DOANHTổng lợi nhuận kế toán trước thuếĐiều chỉnh cho các khoản:Khấu hao và hao mòn tài sản cố định và bắt động sản đầu tư 12, 13, 14Các khoản dự phòngLỗ chênh lệch tỷ giá hối đoái do đánh giá lại các khoản mục tiền tệ có gốc ngoại tệLãi từ hoạt động đầu tưChi phí lãi vay và phát hành trái phiếu 28",507462534247,VND
"I. LƯU CHUYỀN TIỀN TỪ HOẠT ĐỘNG KINH DOANHTổng lợi nhuận kế toán trước thuếĐiều chỉnh cho các khoản:Khấu hao và hao mòn tài sản cố định và bắt động sản đầu tư 12, 13, 14Các khoản dự phòngLỗ chênh lệch tỷ giá hối đoái do đánh giá lại các khoản mục tiền tệ có gốc ngoại tệLãi từ hoạt động đầu tưChi phí lãi vay và phát hành trái phiếu 28",507462534247,VND
"I. LƯU CHUYỀN TIỀN TỪ HOẠT ĐỘNG KINH DOANHTổng lợi nhuận kế toán trước thuếĐiều chỉnh cho các khoản:Khấu hao và hao mòn tài sản cố định và bắt động sản đầu tư 12, 13, 14Các khoản dự phòngLỗ chênh lệch tỷ giá hối đoái do đánh giá lại các khoản mục tiền tệ có gốc ngoại tệLãi từ hoạt động đầu tưChi phí lãi vay và phát hành trái phiếu 28",507462534247,VND
"I. LƯU CHUYỀN TIỀN TỪ HOẠT ĐỘNG KINH DOANHTổng lợi nhuận kế toán trước thuếĐiều chỉnh cho các khoản:Khấu hao và hao mòn tài sản cố định và bắt động sản đầu tư 12, 13, 14Các khoản dự phòngLỗ chênh lệch tỷ giá hối đoái do đánh giá lại các khoản mục tiền tệ có gốc ngoại tệLãi từ hoạt động đầu tưChi phí lãi vay và phát hành trái phiếu 28",507462534247,VND
"I. LƯU CHUYỀN TIỀN TỪ HOẠT ĐỘNG KINH DOANHTổng lợi nhuận kế toán trước thuếĐiều chỉnh cho các khoản:Khấu hao và hao mòn tài sản cố định và bắt động sản đầu tư 12, 13, 14Các khoản dự phòngLỗ chênh lệch tỷ giá hối đoái do đánh giá lại các khoản mục tiền tệ có gốc ngoại tệLãi từ hoạt động đầu tưChi phí lãi vay và phát hành trái phiếu 28",507462534247,VND
"I. LƯU CHUYỀN TIỀN TỪ HOẠT ĐỘNG KINH DOANHTổng lợi nhuận kế toán trước thuếĐiều chỉnh cho các khoản:Khấu hao và hao mòn tài sản cố định và bắt động sản đầu tư 12, 13, 14Các khoản dự phòngLỗ chênh lệch tỷ giá hối đoái do đánh giá lại các khoản mục tiền tệ có gốc ngoại tệLãi từ hoạt động đầu tưChi phí lãi vay và phát hành trái phiếu 28",507462534247,VND
"I. LƯU CHUYỀN TIỀN TỪ HOẠT ĐỘNG KINH DOANHTổng lợi nhuận kế toán trước thuếĐiều chỉnh cho các khoản:Khấu hao và hao mòn tài sản cố định và bắt động sản đầu tư 12, 13, 14Các khoản dự phòngLỗ chênh lệch tỷ giá hối đoái do đánh giá lại các khoản mục tiền tệ có gốc ngoại tệLãi từ hoạt động đầu tưChi phí lãi vay và phát hành trái phiếu 28",507462534247,VND
"I. LƯU CHUYỀN TIỀN TỪ HOẠT ĐỘNG KINH DOANHTổng lợi nhuận kế toán trước thuếĐiều chỉnh cho các khoản:Khấu hao và hao mòn tài sản cố định và bắt động sản đầu tư 12, 13, 14Các khoản dự phòngLỗ chênh lệch tỷ giá hối đoái do đánh giá lại các khoản mục tiền tệ có gốc ngoại tệLãi từ hoạt động đầu tưChi phí lãi vay và phát hành trái phiếu 28",507462534247,VND
"I. LƯU CHUYỀN TIỀN TỪ HOẠT ĐỘNG KINH DOANHTổng lợi nhuận kế toán trước thuếĐiều chỉnh cho các khoản:Khấu hao và hao mòn tài sản cố định và bắt động sản đầu tư 12, 13, 14Các khoản dự phòngLỗ chênh lệch tỷ giá hối đoái do đánh giá lại các khoản mục tiền tệ có gốc ngoại tệLãi từ hoạt động đầu tưChi phí lãi vay và phát hành trái phiếu 28",507462534247,VND
"I. LƯU CHUYỀN TIỀN TỪ HOẠT ĐỘNG KINH DOANHTổng lợi nhuận kế toán trước thuếĐiều chỉnh cho các khoản:Khấu hao và hao mòn tài sản cố định và bắt động sản đầu tư 12, 13, 14Các khoản dự phòngLỗ chênh lệch tỷ giá hối đoái do đánh giá lại các khoản mục tiền tệ có gốc ngoại tệLãi từ hoạt động đầu tưChi phí lãi vay và phát hành trái phiếu 28",507462534247,VND
"I. LƯU CHUYỀN TIỀN TỪ HOẠT ĐỘNG KINH DOANHTổng lợi nhuận kế toán trước thuếĐiều chỉnh cho các khoản:Khấu hao và hao mòn tài sản cố định và bắt động sản đầu tư 12, 13, 14Các khoản dự phòngLỗ chênh lệch tỷ giá hối đoái do đánh giá lại các khoản mục tiền tệ có gốc ngoại tệLãi từ hoạt động đầu tưChi phí lãi vay và phát hành trái phiếu 28",507462534247,VND
"I. LƯU CHUYỀN TIỀN TỪ HOẠT ĐỘNG KINH DOANHTổng lợi nhuận kế toán trước thuếĐiều chỉnh cho các khoản:Khấu hao và hao mòn tài sản cố định và bắt động sản đầu tư 12, 13, 14Các khoản dự phòngLỗ chênh lệch tỷ giá hối đoái do đánh giá lại các khoản mục tiền tệ có gốc ngoại tệLãi từ hoạt động đầu tưChi phí lãi vay và phát hành trái phiếu 28",507462534247,VND
"I. LƯU CHUYỀN TIỀN TỪ HOẠT ĐỘNG KINH DOANHTổng lợi nhuận kế toán trước thuếĐiều chỉnh cho các khoản:Khấu hao và hao mòn tài sản cố định và bắt động sản đầu tư 12, 13, 14Các khoản dự phòngLỗ chênh lệch tỷ giá hối đoái do đánh giá lại các khoản mục tiền tệ có gốc ngoại tệLãi từ hoạt động đầu tưChi phí lãi vay và phát hành trái phiếu 28",507462534247,VND
"I. LƯU CHUYỀN TIỀN TỪ HOẠT ĐỘNG KINH DOANHTổng lợi nhuận kế toán trước thuếĐiều chỉnh cho các khoản:Khấu hao và hao mòn tài sản cố định và bắt động sản đầu tư 12, 13, 14Các khoản dự phòngLỗ chênh lệch tỷ giá hối đoái do đánh giá lại các khoản mục tiền tệ có gốc ngoại tệLãi từ hoạt động đầu tưChi phí lãi vay và phát hành trái phiếu 28",507462534247,VND
"I. LƯU CHUYỀN TIỀN TỪ HOẠT ĐỘNG KINH DOANHTổng lợi nhuận kế toán trước thuếĐiều chỉnh cho các khoản:Khấu hao và hao mòn tài sản cố định và bắt động sản đầu tư 12, 13, 14Các khoản dự phòngLỗ chênh lệch tỷ giá hối đoái do đánh giá lại các khoản mục tiền tệ có gốc ngoại tệLãi từ hoạt động đầu tưChi phí lãi vay và phát hành trái phiếu 28",507462534247,VND
"I. LƯU CHUYỀN TIỀN TỪ HOẠT ĐỘNG KINH DOANHTổng lợi nhuận kế toán trước thuếĐiều chỉnh cho các khoản:Khấu hao và hao mòn tài sản cố định và bắt động sản đầu tư 12, 13, 14Các khoản dự phòngLỗ chênh lệch tỷ giá hối đoái do đánh giá lại các khoản mục tiền tệ có gốc ngoại tệLãi từ hoạt động đầu tưChi phí lãi vay và phát hành trái phiếu 28",507462534247,VND
"I. LƯU CHUYỀN TIỀN TỪ HOẠT ĐỘNG KINH DOANHTổng lợi nhuận kế toán trước thuếĐiều chỉnh cho các khoản:Khấu hao và hao mòn tài sản cố định và bắt động sản đầu tư 12, 13, 14Các khoản dự phòngLỗ chênh lệch tỷ giá hối đoái do đánh giá lại các khoản mục tiền tệ có gốc ngoại tệLãi từ hoạt động đầu tưChi phí lãi vay và phát hành trái phiếu 28",507462534247,VND
"I. LƯU CHUYỀN TIỀN TỪ HOẠT ĐỘNG KINH DOANHTổng lợi nhuận kế toán trước thuếĐiều chỉnh cho các khoản:Khấu hao và hao mòn tài sản cố định và bắt động sản đầu tư 12, 13, 14Các khoản dự phòngLỗ chênh lệch tỷ giá hối đoái do đánh giá lại các khoản mục tiền tệ có gốc ngoại tệLãi từ hoạt động đầu tưChi phí lãi vay và phát hành trái phiếu 28",507462534247,VND
"I. LƯU CHUYỀN TIỀN TỪ HOẠT ĐỘNG KINH DOANHTổng lợi nhuận kế toán trước thuếĐiều chỉnh cho các khoản:Khấu hao và hao mòn tài sản cố định và bắt động sản đầu tư 12, 13, 14Các khoản dự phòngLỗ chênh lệch tỷ giá hối đoái do đánh giá lại các khoản mục tiền tệ có gốc ngoại tệLãi từ hoạt động đầu tưChi phí lãi vay và phát hành trái phiếu 28",507462534247,VND
"I. LƯU CHUYỀN TIỀN TỪ HOẠT ĐỘNG KINH DOANHTổng lợi nhuận kế toán trước thuếĐiều chỉnh cho các khoản:Khấu hao và hao mòn tài sản cố định và bắt động sản đầu tư 12, 13, 14Các khoản dự phòngLỗ chênh lệch tỷ giá hối đoái do đánh giá lại các khoản mục tiền tệ có gốc ngoại tệLãi từ hoạt động đầu tưChi phí lãi vay và phát hành trái phiếu 28",507462534247,VND
"I. LƯU CHUYỀN TIỀN TỪ HOẠT ĐỘNG KINH DOANHTổng lợi nhuận kế toán trước thuếĐiều chỉnh cho các khoản:Khấu hao và hao mòn tài sản cố định và bắt động sản đầu tư 12, 13, 14Các khoản dự phòngLỗ chênh lệch tỷ giá hối đoái do đánh giá lại các khoản mục tiền tệ có gốc ngoại tệLãi từ hoạt động đầu tưChi phí lãi vay và phát hành trái phiếu 28",507462534247,VND
"I. LƯU CHUYỀN TIỀN TỪ HOẠT ĐỘNG KINH DOANHTổng lợi nhuận kế toán trước thuếĐiều chỉnh cho các khoản:Khấu hao và hao mòn tài sản cố định và bắt động sản đầu tư 12, 13, 14Các khoản dự phòngLỗ chênh lệch tỷ giá hối đoái do đánh giá lại các khoản mục tiền tệ có gốc ngoại tệLãi từ hoạt động đầu tưChi phí lãi vay và phát hành trái phiếu 28",507462534247,VND
"I. LƯU CHUYỀN TIỀN TỪ HOẠT ĐỘNG KINH DOANHTổng lợi nhuận kế toán trước thuếĐiều chỉnh cho các khoản:Khấu hao và hao mòn tài sản cố định và bắt động sản đầu tư 12, 13, 14Các khoản dự phòngLỗ chênh lệch tỷ giá hối đoái do đánh giá lại các khoản mục tiền tệ có gốc ngoại tệLãi từ hoạt động đầu tưChi phí lãi vay và phát hành trái phiếu 28",507462534247,VND
"I. LƯU CHUYỀN TIỀN TỪ HOẠT ĐỘNG KINH DOANHTổng lợi nhuận kế toán trước thuếĐiều chỉnh cho các khoản:Khấu hao và hao mòn tài sản cố định và bắt động sản đầu tư 12, 13, 14Các khoản dự phòngLỗ chênh lệch tỷ giá hối đoái do đánh giá lại các khoản mục tiền tệ có gốc ngoại tệLãi từ hoạt động đầu tưChi phí lãi vay và phát hành trái phiếu 28",507462534247,VND
"I. LƯU CHUYỀN TIỀN TỪ HOẠT ĐỘNG KINH DOANHTổng lợi nhuận kế toán trước thuếĐiều chỉnh cho các khoản:Khấu hao và hao mòn tài sản cố định và bắt động sản đầu tư 12, 13, 14Các khoản dự phòngLỗ chênh lệch tỷ giá hối đoái do đánh giá lại các khoản mục tiền tệ có gốc ngoại tệLãi từ hoạt động đầu tưChi phí lãi vay và phát hành trái phiếu 28",507462534247,VND
"I. LƯU CHUYỀN TIỀN TỪ HOẠT ĐỘNG KINH DOANHTổng lợi nhuận kế toán trước thuếĐiều chỉnh cho các khoản:Khấu hao và hao mòn tài sản cố định và bắt động sản đầu tư 12, 13, 14Các khoản dự phòngLỗ chênh lệch tỷ giá hối đoái do đánh giá lại các khoản mục tiền tệ có gốc ngoại tệLãi từ hoạt động đầu tưChi phí lãi vay và phát hành trái phiếu 28",507462534247,VND
"I. LƯU CHUYỀN TIỀN TỪ HOẠT ĐỘNG KINH DOANHTổng lợi nhuận kế toán trước thuếĐiều chỉnh cho các khoản:Khấu hao và hao mòn tài sản cố định và bắt động sản đầu tư 12, 13, 14Các khoản dự phòngLỗ chênh lệch tỷ giá hối đoái do đánh giá lại các khoản mục tiền tệ có gốc ngoại tệLãi từ hoạt động đầu tưChi phí lãi vay và phát hành trái phiếu 28",507462534247,VND
"I. LƯU CHUYỀN TIỀN TỪ HOẠT ĐỘNG KINH DOANHTổng lợi nhuận kế toán trước thuếĐiều chỉnh cho các khoản:Khấu hao và hao mòn tài sản cố định và bắt động sản đầu tư 12, 13, 14Các khoản dự phòngLỗ chênh lệch tỷ giá hối đoái do đánh giá lại các khoản mục tiền tệ có gốc ngoại tệLãi từ hoạt động đầu tưChi phí lãi vay và phát hành trái phiếu 28",507462534247,VND
"I. LƯU CHUYỀN TIỀN TỪ HOẠT ĐỘNG KINH DOANHTổng lợi nhuận kế toán trước thuếĐiều chỉnh cho các khoản:Khấu hao và hao mòn tài sản cố định và bắt động sản đầu tư 12, 13, 14Các khoản dự phòngLỗ chênh lệch tỷ giá hối đoái do đánh giá lại các khoản mục tiền tệ có gốc ngoại tệLãi từ hoạt động đầu tưChi phí lãi vay và phát hành trái phiếu 28",507462534247,VND
"I. LƯU CHUYỀN TIỀN TỪ HOẠT ĐỘNG KINH DOANHTổng lợi nhuận kế toán trước thuếĐiều chỉnh cho các khoản:Khấu hao và hao mòn tài sản cố định và bắt động sản đầu tư 12, 13, 14Các khoản dự phòngLỗ chênh lệch tỷ giá hối đoái do đánh giá lại các khoản mục tiền tệ có gốc ngoại tệLãi từ hoạt động đầu tưChi phí lãi vay và phát hành trái phiếu 28",507462534247,VND
"I. LƯU CHUYỀN TIỀN TỪ HOẠT ĐỘNG KINH DOANHTổng lợi nhuận kế toán trước thuếĐiều chỉnh cho các khoản:Khấu hao và hao mòn tài sản cố định và bắt động sản đầu tư 12, 13, 14Các khoản dự phòngLỗ chênh lệch tỷ giá hối đoái do đánh giá lại các khoản mục tiền tệ có gốc ngoại tệLãi từ hoạt động đầu tưChi phí lãi vay và phát hành trái phiếu 28",507462534247,VND
"I. LƯU CHUYỀN TIỀN TỪ HOẠT ĐỘNG KINH DOANHTổng lợi nhuận kế toán trước thuếĐiều chỉnh cho các khoản:Khấu hao và hao mòn tài sản cố định và bắt động sản đầu tư 12, 13, 14Các khoản dự phòngLỗ chênh lệch tỷ giá hối đoái do đánh giá lại các khoản mục tiền tệ có gốc ngoại tệLãi từ hoạt động đầu tưChi phí lãi vay và phát hành trái phiếu 28",507462534247,VND
"I. LƯU CHUYỀN TIỀN TỪ HOẠT ĐỘNG KINH DOANHTổng lợi nhuận kế toán trước thuếĐiều chỉnh cho các khoản:Khấu hao và hao mòn tài sản cố định và bắt động sản đầu tư 12, 13, 14Các khoản dự phòngLỗ chênh lệch tỷ giá hối đoái do đánh giá lại các khoản mục tiền tệ có gốc ngoại tệLãi từ hoạt động đầu tưChi phí lãi vay và phát hành trái phiếu 28",507462534247,VND
"I. LƯU CHUYỀN TIỀN TỪ HOẠT ĐỘNG KINH DOANHTổng lợi nhuận kế toán trước thuếĐiều chỉnh cho các khoản:Khấu hao và hao mòn tài sản cố định và bắt động sản đầu tư 12, 13, 14Các khoản dự phòngLỗ chênh lệch tỷ giá hối đoái do đánh giá lại các khoản mục tiền tệ có gốc ngoại tệLãi từ hoạt động đầu tưChi phí lãi vay và phát hành trái phiếu 28",507462534247,VND
"I. LƯU CHUYỀN TIỀN TỪ HOẠT ĐỘNG KINH DOANHTổng lợi nhuận kế toán trước thuếĐiều chỉnh cho các khoản:Khấu hao và hao mòn tài sản cố định và bắt động sản đầu tư 12, 13, 14Các khoản dự phòngLỗ chênh lệch tỷ giá hối đoái do đánh giá lại các khoản mục tiền tệ có gốc ngoại tệLãi từ hoạt động đầu tưChi phí lãi vay và phát hành trái phiếu 28",507462534247,VND
"I. LƯU CHUYỀN TIỀN TỪ HOẠT ĐỘNG KINH DOANHTổng lợi nhuận kế toán trước thuếĐiều chỉnh cho các khoản:Khấu hao và hao mòn tài sản cố định và bắt động sản đầu tư 12, 13, 14Các khoản dự phòngLỗ chênh lệch tỷ giá hối đoái do đánh giá lại các khoản mục tiền tệ có gốc ngoại tệLãi từ hoạt động đầu tưChi phí lãi vay và phát hành trái phiếu 28",507462534247,VND
"I. LƯU CHUYỀN TIỀN TỪ HOẠT ĐỘNG KINH DOANHTổng lợi nhuận kế toán trước thuếĐiều chỉnh cho các khoản:Khấu hao và hao mòn tài sản cố định và bắt động sản đầu tư 12, 13, 14Các khoản dự phòngLỗ chênh lệch tỷ giá hối đoái do đánh giá lại các khoản mục tiền tệ có gốc ngoại tệLãi từ hoạt động đầu tưChi phí lãi vay và phát hành trái phiếu 28",507462534247,VND
"I. LƯU CHUYỀN TIỀN TỪ HOẠT ĐỘNG KINH DOANHTổng lợi nhuận kế toán trước thuếĐiều chỉnh cho các khoản:Khấu hao và hao mòn tài sản cố định và bắt động sản đầu tư 12, 13, 14Các khoản dự phòngLỗ chênh lệch tỷ giá hối đoái do đánh giá lại các khoản mục tiền tệ có gốc ngoại tệLãi từ hoạt động đầu tưChi phí lãi vay và phát hành trái phiếu 28",507462534247,VND
"I. LƯU CHUYỀN TIỀN TỪ HOẠT ĐỘNG KINH DOANHTổng lợi nhuận kế toán trước thuếĐiều chỉnh cho các khoản:Khấu hao và hao mòn tài sản cố định và bắt động sản đầu tư 12, 13, 14Các khoản dự phòngLỗ chênh lệch tỷ giá hối đoái do đánh giá lại các khoản mục tiền tệ có gốc ngoại tệLãi từ hoạt động đầu tưChi phí lãi vay và phát hành trái phiếu 28",507462534247,VND
"I. LƯU CHUYỀN TIỀN TỪ HOẠT ĐỘNG KINH DOANHTổng lợi nhuận kế toán trước thuếĐiều chỉnh cho các khoản:Khấu hao và hao mòn tài sản cố định và bắt động sản đầu tư 12, 13, 14Các khoản dự phòngLỗ chênh lệch tỷ giá hối đoái do đánh giá lại các khoản mục tiền tệ có gốc ngoại tệLãi từ hoạt động đầu tưChi phí lãi vay và phát hành trái phiếu 28",507462534247,VND
"I. LƯU CHUYỀN TIỀN TỪ HOẠT ĐỘNG KINH DOANHTổng lợi nhuận kế toán trước thuếĐiều chỉnh cho các khoản:Khấu hao và hao mòn tài sản cố định và bắt động sản đầu tư 12, 13, 14Các khoản dự phòngLỗ chênh lệch tỷ giá hối đoái do đánh giá lại các khoản mục tiền tệ có gốc ngoại tệLãi từ hoạt động đầu tưChi phí lãi vay và phát hành trái phiếu 28",507462534247,VND
"I. LƯU CHUYỀN TIỀN TỪ HOẠT ĐỘNG KINH DOANHTổng lợi nhuận kế toán trước thuếĐiều chỉnh cho các khoản:Khấu hao và hao mòn tài sản cố định và bắt động sản đầu tư 12, 13, 14Các khoản dự phòngLỗ chênh lệch tỷ giá hối đoái do đánh giá lại các khoản mục tiền tệ có gốc ngoại tệLãi từ hoạt động đầu tưChi phí lãi vay và phát hành trái phiếu 28",507462534247,VND
"I. LƯU CHUYỀN TIỀN TỪ HOẠT ĐỘNG KINH DOANHTổng lợi nhuận kế toán trước thuếĐiều chỉnh cho các khoản:Khấu hao và hao mòn tài sản cố định và bắt động sản đầu tư 12, 13, 14Các khoản dự phòngLỗ chênh lệch tỷ giá hối đoái do đánh giá lại các khoản mục tiền tệ có gốc ngoại tệLãi từ hoạt động đầu tưChi phí lãi vay và phát hành trái phiếu 28",507462534247,VND
"I. LƯU CHUYỀN TIỀN TỪ HOẠT ĐỘNG KINH DOANHTổng lợi nhuận kế toán trước thuếĐiều chỉnh cho các khoản:Khấu hao và hao mòn tài sản cố định và bắt động sản đầu tư 12, 13, 14Các khoản dự phòngLỗ chênh lệch tỷ giá hối đoái do đánh giá lại các khoản mục tiền tệ có gốc ngoại tệLãi từ hoạt động đầu tưChi phí lãi vay và phát hành trái phiếu 28",507462534247,VND
"I. LƯU CHUYỀN TIỀN TỪ HOẠT ĐỘNG KINH DOANHTổng lợi nhuận kế toán trước thuếĐiều chỉnh cho các khoản:Khấu hao và hao mòn tài sản cố định và bắt động sản đầu tư 12, 13, 14Các khoản dự phòngLỗ chênh lệch tỷ giá hối đoái do đánh giá lại các khoản mục tiền tệ có gốc ngoại tệLãi từ hoạt động đầu tưChi phí lãi vay và phát hành trái phiếu 28",507462534247,VND
"I. LƯU CHUYỀN TIỀN TỪ HOẠT ĐỘNG KINH DOANHTổng lợi nhuận kế toán trước thuếĐiều chỉnh cho các khoản:Khấu hao và hao mòn tài sản cố định và bắt động sản đầu tư 12, 13, 14Các khoản dự phòngLỗ chênh lệch tỷ giá hối đoái do đánh giá lại các khoản mục tiền tệ có gốc ngoại tệLãi từ hoạt động đầu tưChi phí lãi vay và phát hành trái phiếu 28",507462534247,VND
"I. LƯU CHUYỀN TIỀN TỪ HOẠT ĐỘNG KINH DOANHTổng lợi nhuận kế toán trước thuếĐiều chỉnh cho các khoản:Khấu hao và hao mòn tài sản cố định và bắt động sản đầu tư 12, 13, 14Các khoản dự phòngLỗ chênh lệch tỷ giá hối đoái do đánh giá lại các khoản mục tiền tệ có gốc ngoại tệLãi từ hoạt động đầu tưChi phí lãi vay và phát hành trái phiếu 28",507462534247,VND
"I. LƯU CHUYỀN TIỀN TỪ HOẠT ĐỘNG KINH DOANHTổng lợi nhuận kế toán trước thuếĐiều chỉnh cho các khoản:Khấu hao và hao mòn tài sản cố định và bắt động sản đầu tư 12, 13, 14Các khoản dự phòngLỗ chênh lệch tỷ giá hối đoái do đánh giá lại các khoản mục tiền tệ có gốc ngoại tệLãi từ hoạt động đầu tưChi phí lãi vay và phát hành trái phiếu 28",507462534247,VND
"I. LƯU CHUYỀN TIỀN TỪ HOẠT ĐỘNG KINH DOANHTổng lợi nhuận kế toán trước thuếĐiều chỉnh cho các khoản:Khấu hao và hao mòn tài sản cố định và bắt động sản đầu tư 12, 13, 14Các khoản dự phòngLỗ chênh lệch tỷ giá hối đoái do đánh giá lại các khoản mục tiền tệ có gốc ngoại tệLãi từ hoạt động đầu tưChi phí lãi vay và phát hành trái phiếu 28",507462534247,VND
"I. LƯU CHUYỀN TIỀN TỪ HOẠT ĐỘNG KINH DOANHTổng lợi nhuận kế toán trước thuếĐiều chỉnh cho các khoản:Khấu hao và hao mòn tài sản cố định và bắt động sản đầu tư 12, 13, 14Các khoản dự phòngLỗ chênh lệch tỷ giá hối đoái do đánh giá lại các khoản mục tiền tệ có gốc ngoại tệLãi từ hoạt động đầu tưChi phí lãi vay và phát hành trái phiếu 28",507462534247,VND
"I. LƯU CHUYỀN TIỀN TỪ HOẠT ĐỘNG KINH DOANHTổng lợi nhuận kế toán trước thuếĐiều chỉnh cho các khoản:Khấu hao và hao mòn tài sản cố định và bắt động sản đầu tư 12, 13, 14Các khoản dự phòngLỗ chênh lệch tỷ giá hối đoái do đánh giá lại các khoản mục tiền tệ có gốc ngoại tệLãi từ hoạt động đầu tưChi phí lãi vay và phát hành trái phiếu 28",507462534247,VND
"I. LƯU CHUYỀN TIỀN TỪ HOẠT ĐỘNG KINH DOANHTổng lợi nhuận kế toán trước thuếĐiều chỉnh cho các khoản:Khấu hao và hao mòn tài sản cố định và bắt động sản đầu tư 12, 13, 14Các khoản dự phòngLỗ chênh lệch tỷ giá hối đoái do đánh giá lại các khoản mục tiền tệ có gốc ngoại tệLãi từ hoạt động đầu tưChi phí lãi vay và phát hành trái phiếu 28",507462534247,VND
"I. LƯU CHUYỀN TIỀN TỪ HOẠT ĐỘNG KINH DOANHTổng lợi nhuận kế toán trước thuếĐiều chỉnh cho các khoản:Khấu hao và hao mòn tài sản cố định và bắt động sản đầu tư 12, 13, 14Các khoản dự phòngLỗ chênh lệch tỷ giá hối đoái do đánh giá lại các khoản mục tiền tệ có gốc ngoại tệLãi từ hoạt động đầu tưChi phí lãi vay và phát hành trái phiếu 28",507462534247,VND
"I. LƯU CHUYỀN TIỀN TỪ HOẠT ĐỘNG KINH DOANHTổng lợi nhuận kế toán trước thuếĐiều chỉnh cho các khoản:Khấu hao và hao mòn tài sản cố định và bắt động sản đầu tư 12, 13, 14Các khoản dự phòngLỗ chênh lệch tỷ giá hối đoái do đánh giá lại các khoản mục tiền tệ có gốc ngoại tệLãi từ hoạt động đầu tưChi phí lãi vay và phát hành trái phiếu 28",507462534247,VND
"I. LƯU CHUYỀN TIỀN TỪ HOẠT ĐỘNG KINH DOANHTổng lợi nhuận kế toán trước thuếĐiều chỉnh cho các khoản:Khấu hao và hao mòn tài sản cố định và bắt động sản đầu tư 12, 13, 14Các khoản dự phòngLỗ chênh lệch tỷ giá hối đoái do đánh giá lại các khoản mục tiền tệ có gốc ngoại tệLãi từ hoạt động đầu tưChi phí lãi vay và phát hành trái phiếu 28",507462534247,VND
"I. LƯU CHUYỀN TIỀN TỪ HOẠT ĐỘNG KINH DOANHTổng lợi nhuận kế toán trước thuếĐiều chỉnh cho các khoản:Khấu hao và hao mòn tài sản cố định và bắt động sản đầu tư 12, 13, 14Các khoản dự phòngLỗ chênh lệch tỷ giá hối đoái do đánh giá lại các khoản mục tiền tệ có gốc ngoại tệLãi từ hoạt động đầu tưChi phí lãi vay và phát hành trái phiếu 28",507462534247,VND
"I. LƯU CHUYỀN TIỀN TỪ HOẠT ĐỘNG KINH DOANHTổng lợi nhuận kế toán trước thuếĐiều chỉnh cho các khoản:Khấu hao và hao mòn tài sản cố định và bắt động sản đầu tư 12, 13, 14Các khoản dự phòngLỗ chênh lệch tỷ giá hối đoái do đánh giá lại các khoản mục tiền tệ có gốc ngoại tệLãi từ hoạt động đầu tưChi phí lãi vay và phát hành trái phiếu 28",507462534247,VND
"I. LƯU CHUYỀN TIỀN TỪ HOẠT ĐỘNG KINH DOANHTổng lợi nhuận kế toán trước thuếĐiều chỉnh cho các khoản:Khấu hao và hao mòn tài sản cố định và bắt động sản đầu tư 12, 13, 14Các khoản dự phòngLỗ chênh lệch tỷ giá hối đoái do đánh giá lại các khoản mục tiền tệ có gốc ngoại tệLãi từ hoạt động đầu tưChi phí lãi vay và phát hành trái phiếu 28",507462534247,VND
"I. LƯU CHUYỀN TIỀN TỪ HOẠT ĐỘNG KINH DOANHTổng lợi nhuận kế toán trước thuếĐiều chỉnh cho các khoản:Khấu hao và hao mòn tài sản cố định và bắt động sản đầu tư 12, 13, 14Các khoản dự phòngLỗ chênh lệch tỷ giá hối đoái do đánh giá lại các khoản mục tiền tệ có gốc ngoại tệLãi từ hoạt động đầu tưChi phí lãi vay và phát hành trái phiếu 28",507462534247,VND
"I. LƯU CHUYỀN TIỀN TỪ HOẠT ĐỘNG KINH DOANHTổng lợi nhuận kế toán trước thuếĐiều chỉnh cho các khoản:Khấu hao và hao mòn tài sản cố định và bắt động sản đầu tư 12, 13, 14Các khoản dự phòngLỗ chênh lệch tỷ giá hối đoái do đánh giá lại các khoản mục tiền tệ có gốc ngoại tệLãi từ hoạt động đầu tưChi phí lãi vay và phát hành trái phiếu 28",507462534247,VND
"I. LƯU CHUYỀN TIỀN TỪ HOẠT ĐỘNG KINH DOANHTổng lợi nhuận kế toán trước thuếĐiều chỉnh cho các khoản:Khấu hao và hao mòn tài sản cố định và bắt động sản đầu tư 12, 13, 14Các khoản dự phòngLỗ chênh lệch tỷ giá hối đoái do đánh giá lại các khoản mục tiền tệ có gốc ngoại tệLãi từ hoạt động đầu tưChi phí lãi vay và phát hành trái phiếu 28",507462534247,VND
"I. LƯU CHUYỀN TIỀN TỪ HOẠT ĐỘNG KINH DOANHTổng lợi nhuận kế toán trước thuếĐiều chỉnh cho các khoản:Khấu hao và hao mòn tài sản cố định và bắt động sản đầu tư 12, 13, 14Các khoản dự phòngLỗ chênh lệch tỷ giá hối đoái do đánh giá lại các khoản mục tiền tệ có gốc ngoại tệLãi từ hoạt động đầu tưChi phí lãi vay và phát hành trái phiếu 28",507462534247,VND
"I. LƯU CHUYỀN TIỀN TỪ HOẠT ĐỘNG KINH DOANHTổng lợi nhuận kế toán trước thuếĐiều chỉnh cho các khoản:Khấu hao và hao mòn tài sản cố định và bắt động sản đầu tư 12, 13, 14Các khoản dự phòngLỗ chênh lệch tỷ giá hối đoái do đánh giá lại các khoản mục tiền tệ có gốc ngoại tệLãi từ hoạt động đầu tưChi phí lãi vay và phát hành trái phiếu 28",507462534247,VND
"I. LƯU CHUYỀN TIỀN TỪ HOẠT ĐỘNG KINH DOANHTổng lợi nhuận kế toán trước thuếĐiều chỉnh cho các khoản:Khấu hao và hao mòn tài sản cố định và bắt động sản đầu tư 12, 13, 14Các khoản dự phòngLỗ chênh lệch tỷ giá hối đoái do đánh giá lại các khoản mục tiền tệ có gốc ngoại tệLãi từ hoạt động đầu tưChi phí lãi vay và phát hành trái phiếu 28",507462534247,VND
"I. LƯU CHUYỀN TIỀN TỪ HOẠT ĐỘNG KINH DOANHTổng lợi nhuận kế toán trước thuếĐiều chỉnh cho các khoản:Khấu hao và hao mòn tài sản cố định và bắt động sản đầu tư 12, 13, 14Các khoản dự phòngLỗ chênh lệch tỷ giá hối đoái do đánh giá lại các khoản mục tiền tệ có gốc ngoại tệLãi từ hoạt động đầu tưChi phí lãi vay và phát hành trái phiếu 28",507462534247,VND
"I. LƯU CHUYỀN TIỀN TỪ HOẠT ĐỘNG KINH DOANHTổng lợi nhuận kế toán trước thuếĐiều chỉnh cho các khoản:Khấu hao và hao mòn tài sản cố định và bắt động sản đầu tư 12, 13, 14Các khoản dự phòngLỗ chênh lệch tỷ giá hối đoái do đánh giá lại các khoản mục tiền tệ có gốc ngoại tệLãi từ hoạt động đầu tưChi phí lãi vay và phát hành trái phiếu 28",507462534247,VND
"I. LƯU CHUYỀN TIỀN TỪ HOẠT ĐỘNG KINH DOANHTổng lợi nhuận kế toán trước thuếĐiều chỉnh cho các khoản:Khấu hao và hao mòn tài sản cố định và bắt động sản đầu tư 12, 13, 14Các khoản dự phòngLỗ chênh lệch tỷ giá hối đoái do đánh giá lại các khoản mục tiền tệ có gốc ngoại tệLãi từ hoạt động đầu tưChi phí lãi vay và phát hành trái phiếu 28",507462534247,VND
"I. LƯU CHUYỀN TIỀN TỪ HOẠT ĐỘNG KINH DOANHTổng lợi nhuận kế toán trước thuếĐiều chỉnh cho các khoản:Khấu hao và hao mòn tài sản cố định và bắt động sản đầu tư 12, 13, 14Các khoản dự phòngLỗ chênh lệch tỷ giá hối đoái do đánh giá lại các khoản mục tiền tệ có gốc ngoại tệLãi từ hoạt động đầu tưChi phí lãi vay và phát hành trái phiếu 28",507462534247,VND
"I. LƯU CHUYỀN TIỀN TỪ HOẠT ĐỘNG KINH DOANHTổng lợi nhuận kế toán trước thuếĐiều chỉnh cho các khoản:Khấu hao và hao mòn tài sản cố định và bắt động sản đầu tư 12, 13, 14Các khoản dự phòngLỗ chênh lệch tỷ giá hối đoái do đánh giá lại các khoản mục tiền tệ có gốc ngoại tệLãi từ hoạt động đầu tưChi phí lãi vay và phát hành trái phiếu 28",507462534247,VND
"I. LƯU CHUYỀN TIỀN TỪ HOẠT ĐỘNG KINH DOANHTổng lợi nhuận kế toán trước thuếĐiều chỉnh cho các khoản:Khấu hao và hao mòn tài sản cố định và bắt động sản đầu tư 12, 13, 14Các khoản dự phòngLỗ chênh lệch tỷ giá hối đoái do đánh giá lại các khoản mục tiền tệ có gốc ngoại tệLãi từ hoạt động đầu tưChi phí lãi vay và phát hành trái phiếu 28",507462534247,VND
"I. LƯU CHUYỀN TIỀN TỪ HOẠT ĐỘNG KINH DOANHTổng lợi nhuận kế toán trước thuếĐiều chỉnh cho các khoản:Khấu hao và hao mòn tài sản cố định và bắt động sản đầu tư 12, 13, 14Các khoản dự phòngLỗ chênh lệch tỷ giá hối đoái do đánh giá lại các khoản mục tiền tệ có gốc ngoại tệLãi từ hoạt động đầu tưChi phí lãi vay và phát hành trái phiếu 28",507462534247,VND
"I. LƯU CHUYỀN TIỀN TỪ HOẠT ĐỘNG KINH DOANHTổng lợi nhuận kế toán trước thuếĐiều chỉnh cho các khoản:Khấu hao và hao mòn tài sản cố định và bắt động sản đầu tư 12, 13, 14Các khoản dự phòngLỗ chênh lệch tỷ giá hối đoái do đánh giá lại các khoản mục tiền tệ có gốc ngoại tệLãi từ hoạt động đầu tưChi phí lãi vay và phát hành trái phiếu 28",507462534247,VND
"I. LƯU CHUYỀN TIỀN TỪ HOẠT ĐỘNG KINH DOANHTổng lợi nhuận kế toán trước thuếĐiều chỉnh cho các khoản:Khấu hao và hao mòn tài sản cố định và bắt động sản đầu tư 12, 13, 14Các khoản dự phòngLỗ chênh lệch tỷ giá hối đoái do đánh giá lại các khoản mục tiền tệ có gốc ngoại tệLãi từ hoạt động đầu tưChi phí lãi vay và phát hành trái phiếu 28",507462534247,VND
"I. LƯU CHUYỀN TIỀN TỪ HOẠT ĐỘNG KINH DOANHTổng lợi nhuận kế toán trước thuếĐiều chỉnh cho các khoản:Khấu hao và hao mòn tài sản cố định và bắt động sản đầu tư 12, 13, 14Các khoản dự phòngLỗ chênh lệch tỷ giá hối đoái do đánh giá lại các khoản mục tiền tệ có gốc ngoại tệLãi từ hoạt động đầu tưChi phí lãi vay và phát hành trái phiếu 28",507462534247,VND
"I. LƯU CHUYỀN TIỀN TỪ HOẠT ĐỘNG KINH DOANHTổng lợi nhuận kế toán trước thuếĐiều chỉnh cho các khoản:Khấu hao và hao mòn tài sản cố định và bắt động sản đầu tư 12, 13, 14Các khoản dự phòngLỗ chênh lệch tỷ giá hối đoái do đánh giá lại các khoản mục tiền tệ có gốc ngoại tệLãi từ hoạt động đầu tưChi phí lãi vay và phát hành trái phiếu 28",507462534247,VND
"I. LƯU CHUYỀN TIỀN TỪ HOẠT ĐỘNG KINH DOANHTổng lợi nhuận kế toán trước thuếĐiều chỉnh cho các khoản:Khấu hao và hao mòn tài sản cố định và bắt động sản đầu tư 12, 13, 14Các khoản dự phòngLỗ chênh lệch tỷ giá hối đoái do đánh giá lại các khoản mục tiền tệ có gốc ngoại tệLãi từ hoạt động đầu tưChi phí lãi vay và phát hành trái phiếu 28",507462534247,VND
"I. LƯU CHUYỀN TIỀN TỪ HOẠT ĐỘNG KINH DOANHTổng lợi nhuận kế toán trước thuếĐiều chỉnh cho các khoản:Khấu hao và hao mòn tài sản cố định và bắt động sản đầu tư 12, 13, 14Các khoản dự phòngLỗ chênh lệch tỷ giá hối đoái do đánh giá lại các khoản mục tiền tệ có gốc ngoại tệLãi từ hoạt động đầu tưChi phí lãi vay và phát hành trái phiếu 28",507462534247,VND
"I. LƯU CHUYỀN TIỀN TỪ HOẠT ĐỘNG KINH DOANHTổng lợi nhuận kế toán trước thuếĐiều chỉnh cho các khoản:Khấu hao và hao mòn tài sản cố định và bắt động sản đầu tư 12, 13, 14Các khoản dự phòngLỗ chênh lệch tỷ giá hối đoái do đánh giá lại các khoản mục tiền tệ có gốc ngoại tệLãi từ hoạt động đầu tưChi phí lãi vay và phát hành trái phiếu 28",507462534247,VND
"I. LƯU CHUYỀN TIỀN TỪ HOẠT ĐỘNG KINH DOANHTổng lợi nhuận kế toán trước thuếĐiều chỉnh cho các khoản:Khấu hao và hao mòn tài sản cố định và bắt động sản đầu tư 12, 13, 14Các khoản dự phòngLỗ chênh lệch tỷ giá hối đoái do đánh giá lại các khoản mục tiền tệ có gốc ngoại tệLãi từ hoạt động đầu tưChi phí lãi vay và phát hành trái phiếu 28",507462534247,VND
"I. LƯU CHUYỀN TIỀN TỪ HOẠT ĐỘNG KINH DOANHTổng lợi nhuận kế toán trước thuếĐiều chỉnh cho các khoản:Khấu hao và hao mòn tài sản cố định và bắt động sản đầu tư 12, 13, 14Các khoản dự phòngLỗ chênh lệch tỷ giá hối đoái do đánh giá lại các khoản mục tiền tệ có gốc ngoại tệLãi từ hoạt động đầu tưChi phí lãi vay và phát hành trái phiếu 28",507462534247,VND
"I. LƯU CHUYỀN TIỀN TỪ HOẠT ĐỘNG KINH DOANHTổng lợi nhuận kế toán trước thuếĐiều chỉnh cho các khoản:Khấu hao và hao mòn tài sản cố định và bắt động sản đầu tư 12, 13, 14Các khoản dự phòngLỗ chênh lệch tỷ giá hối đoái do đánh giá lại các khoản mục tiền tệ có gốc ngoại tệLãi từ hoạt động đầu tưChi phí lãi vay và phát hành trái phiếu 28",507462534247,VND
"I. LƯU CHUYỀN TIỀN TỪ HOẠT ĐỘNG KINH DOANHTổng lợi nhuận kế toán trước thuếĐiều chỉnh cho các khoản:Khấu hao và hao mòn tài sản cố định và bắt động sản đầu tư 12, 13, 14Các khoản dự phòngLỗ chênh lệch tỷ giá hối đoái do đánh giá lại các khoản mục tiền tệ có gốc ngoại tệLãi từ hoạt động đầu tưChi phí lãi vay và phát hành trái phiếu 28",507462534247,VND
"I. LƯU CHUYỀN TIỀN TỪ HOẠT ĐỘNG KINH DOANHTổng lợi nhuận kế toán trước thuếĐiều chỉnh cho các khoản:Khấu hao và hao mòn tài sản cố định và bắt động sản đầu tư 12, 13, 14Các khoản dự phòngLỗ chênh lệch tỷ giá hối đoái do đánh giá lại các khoản mục tiền tệ có gốc ngoại tệLãi từ hoạt động đầu tưChi phí lãi vay và phát hành trái phiếu 28",507462534247,VND
"I. LƯU CHUYỀN TIỀN TỪ HOẠT ĐỘNG KINH DOANHTổng lợi nhuận kế toán trước thuếĐiều chỉnh cho các khoản:Khấu hao và hao mòn tài sản cố định và bắt động sản đầu tư 12, 13, 14Các khoản dự phòngLỗ chênh lệch tỷ giá hối đoái do đánh giá lại các khoản mục tiền tệ có gốc ngoại tệLãi từ hoạt động đầu tưChi phí lãi vay và phát hành trái phiếu 28",507462534247,VND
"I. LƯU CHUYỀN TIỀN TỪ HOẠT ĐỘNG KINH DOANHTổng lợi nhuận kế toán trước thuếĐiều chỉnh cho các khoản:Khấu hao và hao mòn tài sản cố định và bắt động sản đầu tư 12, 13, 14Các khoản dự phòngLỗ chênh lệch tỷ giá hối đoái do đánh giá lại các khoản mục tiền tệ có gốc ngoại tệLãi từ hoạt động đầu tưChi phí lãi vay và phát hành trái phiếu 28",507462534247,VND
"I. LƯU CHUYỀN TIỀN TỪ HOẠT ĐỘNG KINH DOANHTổng lợi nhuận kế toán trước thuếĐiều chỉnh cho các khoản:Khấu hao và hao mòn tài sản cố định và bắt động sản đầu tư 12, 13, 14Các khoản dự phòngLỗ chênh lệch tỷ giá hối đoái do đánh giá lại các khoản mục tiền tệ có gốc ngoại tệLãi từ hoạt động đầu tưChi phí lãi vay và phát hành trái phiếu 28",507462534247,VND
"I. LƯU CHUYỀN TIỀN TỪ HOẠT ĐỘNG KINH DOANHTổng lợi nhuận kế toán trước thuếĐiều chỉnh cho các khoản:Khấu hao và hao mòn tài sản cố định và bắt động sản đầu tư 12, 13, 14Các khoản dự phòngLỗ chênh lệch tỷ giá hối đoái do đánh giá lại các khoản mục tiền tệ có gốc ngoại tệLãi từ hoạt động đầu tưChi phí lãi vay và phát hành trái phiếu 28",507462534247,VND
"I. LƯU CHUYỀN TIỀN TỪ HOẠT ĐỘNG KINH DOANHTổng lợi nhuận kế toán trước thuếĐiều chỉnh cho các khoản:Khấu hao và hao mòn tài sản cố định và bắt động sản đầu tư 12, 13, 14Các khoản dự phòngLỗ chênh lệch tỷ giá hối đoái do đánh giá lại các khoản mục tiền tệ có gốc ngoại tệLãi từ hoạt động đầu tưChi phí lãi vay và phát hành trái phiếu 28",507462534247,VND
"I. LƯU CHUYỀN TIỀN TỪ HOẠT ĐỘNG KINH DOANHTổng lợi nhuận kế toán trước thuếĐiều chỉnh cho các khoản:Khấu hao và hao mòn tài sản cố định và bắt động sản đầu tư 12, 13, 14Các khoản dự phòngLỗ chênh lệch tỷ giá hối đoái do đánh giá lại các khoản mục tiền tệ có gốc ngoại tệLãi từ hoạt động đầu tưChi phí lãi vay và phát hành trái phiếu 28",507462534247,VND
"I. LƯU CHUYỀN TIỀN TỪ HOẠT ĐỘNG KINH DOANHTổng lợi nhuận kế toán trước thuếĐiều chỉnh cho các khoản:Khấu hao và hao mòn tài sản cố định và bắt động sản đầu tư 12, 13, 14Các khoản dự phòngLỗ chênh lệch tỷ giá hối đoái do đánh giá lại các khoản mục tiền tệ có gốc ngoại tệLãi từ hoạt động đầu tưChi phí lãi vay và phát hành trái phiếu 28",507462534247,VND
"I. LƯU CHUYỀN TIỀN TỪ HOẠT ĐỘNG KINH DOANHTổng lợi nhuận kế toán trước thuếĐiều chỉnh cho các khoản:Khấu hao và hao mòn tài sản cố định và bắt động sản đầu tư 12, 13, 14Các khoản dự phòngLỗ chênh lệch tỷ giá hối đoái do đánh giá lại các khoản mục tiền tệ có gốc ngoại tệLãi từ hoạt động đầu tưChi phí lãi vay và phát hành trái phiếu 28",507462534247,VND
"I. LƯU CHUYỀN TIỀN TỪ HOẠT ĐỘNG KINH DOANHTổng lợi nhuận kế toán trước thuếĐiều chỉnh cho các khoản:Khấu hao và hao mòn tài sản cố định và bắt động sản đầu tư 12, 13, 14Các khoản dự phòngLỗ chênh lệch tỷ giá hối đoái do đánh giá lại các khoản mục tiền tệ có gốc ngoại tệLãi từ hoạt động đầu tưChi phí lãi vay và phát hành trái phiếu 28",507462534247,VND
"I. LƯU CHUYỀN TIỀN TỪ HOẠT ĐỘNG KINH DOANHTổng lợi nhuận kế toán trước thuếĐiều chỉnh cho các khoản:Khấu hao và hao mòn tài sản cố định và bắt động sản đầu tư 12, 13, 14Các khoản dự phòngLỗ chênh lệch tỷ giá hối đoái do đánh giá lại các khoản mục tiền tệ có gốc ngoại tệLãi từ hoạt động đầu tưChi phí lãi vay và phát hành trái phiếu 28",507462534247,VND
"I. LƯU CHUYỀN TIỀN TỪ HOẠT ĐỘNG KINH DOANHTổng lợi nhuận kế toán trước thuếĐiều chỉnh cho các khoản:Khấu hao và hao mòn tài sản cố định và bắt động sản đầu tư 12, 13, 14Các khoản dự phòngLỗ chênh lệch tỷ giá hối đoái do đánh giá lại các khoản mục tiền tệ có gốc ngoại tệLãi từ hoạt động đầu tưChi phí lãi vay và phát hành trái phiếu 28",507462534247,VND
"I. LƯU CHUYỀN TIỀN TỪ HOẠT ĐỘNG KINH DOANHTổng lợi nhuận kế toán trước thuếĐiều chỉnh cho các khoản:Khấu hao và hao mòn tài sản cố định và bắt động sản đầu tư 12, 13, 14Các khoản dự phòngLỗ chênh lệch tỷ giá hối đoái do đánh giá lại các khoản mục tiền tệ có gốc ngoại tệLãi từ hoạt động đầu tưChi phí lãi vay và phát hành trái phiếu 28",507462534247,VND
"I. LƯU CHUYỀN TIỀN TỪ HOẠT ĐỘNG KINH DOANHTổng lợi nhuận kế toán trước thuếĐiều chỉnh cho các khoản:Khấu hao và hao mòn tài sản cố định và bắt động sản đầu tư 12, 13, 14Các khoản dự phòngLỗ chênh lệch tỷ giá hối đoái do đánh giá lại các khoản mục tiền tệ có gốc ngoại tệLãi từ hoạt động đầu tưChi phí lãi vay và phát hành trái phiếu 28",507462534247,VND
"I. LƯU CHUYỀN TIỀN TỪ HOẠT ĐỘNG KINH DOANHTổng lợi nhuận kế toán trước thuếĐiều chỉnh cho các khoản:Khấu hao và hao mòn tài sản cố định và bắt động sản đầu tư 12, 13, 14Các khoản dự phòngLỗ chênh lệch tỷ giá hối đoái do đánh giá lại các khoản mục tiền tệ có gốc ngoại tệLãi từ hoạt động đầu tưChi phí lãi vay và phát hành trái phiếu 28",507462534247,VND
"I. LƯU CHUYỀN TIỀN TỪ HOẠT ĐỘNG KINH DOANHTổng lợi nhuận kế toán trước thuếĐiều chỉnh cho các khoản:Khấu hao và hao mòn tài sản cố định và bắt động sản đầu tư 12, 13, 14Các khoản dự phòngLỗ chênh lệch tỷ giá hối đoái do đánh giá lại các khoản mục tiền tệ có gốc ngoại tệLãi từ hoạt động đầu tưChi phí lãi vay và phát hành trái phiếu 28",507462534247,VND
"I. LƯU CHUYỀN TIỀN TỪ HOẠT ĐỘNG KINH DOANHTổng lợi nhuận kế toán trước thuếĐiều chỉnh cho các khoản:Khấu hao và hao mòn tài sản cố định và bắt động sản đầu tư 12, 13, 14Các khoản dự phòngLỗ chênh lệch tỷ giá hối đoái do đánh giá lại các khoản mục tiền tệ có gốc ngoại tệLãi từ hoạt động đầu tưChi phí lãi vay và phát hành trái phiếu 28",507462534247,VND
"I. LƯU CHUYỀN TIỀN TỪ HOẠT ĐỘNG KINH DOANHTổng lợi nhuận kế toán trước thuếĐiều chỉnh cho các khoản:Khấu hao và hao mòn tài sản cố định và bắt động sản đầu tư 12, 13, 14Các khoản dự phòngLỗ chênh lệch tỷ giá hối đoái do đánh giá lại các khoản mục tiền tệ có gốc ngoại tệLãi từ hoạt động đầu tưChi phí lãi vay và phát hành trái phiếu 28",507462534247,VND
"I. LƯU CHUYỀN TIỀN TỪ HOẠT ĐỘNG KINH DOANHTổng lợi nhuận kế toán trước thuếĐiều chỉnh cho các khoản:Khấu hao và hao mòn tài sản cố định và bắt động sản đầu tư 12, 13, 14Các khoản dự phòngLỗ chênh lệch tỷ giá hối đoái do đánh giá lại các khoản mục tiền tệ có gốc ngoại tệLãi từ hoạt động đầu tưChi phí lãi vay và phát hành trái phiếu 28",507462534247,VND
"I. LƯU CHUYỀN TIỀN TỪ HOẠT ĐỘNG KINH DOANHTổng lợi nhuận kế toán trước thuếĐiều chỉnh cho các khoản:Khấu hao và hao mòn tài sản cố định và bắt động sản đầu tư 12, 13, 14Các khoản dự phòngLỗ chênh lệch tỷ giá hối đoái do đánh giá lại các khoản mục tiền tệ có gốc ngoại tệLãi từ hoạt động đầu tưChi phí lãi vay và phát hành trái phiếu 28",507462534247,VND
"I. LƯU CHUYỀN TIỀN TỪ HOẠT ĐỘNG KINH DOANHTổng lợi nhuận kế toán trước thuếĐiều chỉnh cho các khoản:Khấu hao và hao mòn tài sản cố định và bắt động sản đầu tư 12, 13, 14Các khoản dự phòngLỗ chênh lệch tỷ giá hối đoái do đánh giá lại các khoản mục tiền tệ có gốc ngoại tệLãi từ hoạt động đầu tưChi phí lãi vay và phát hành trái phiếu 28",507462534247,VND
"I. LƯU CHUYỀN TIỀN TỪ HOẠT ĐỘNG KINH DOANHTổng lợi nhuận kế toán trước thuếĐiều chỉnh cho các khoản:Khấu hao và hao mòn tài sản cố định và bắt động sản đầu tư 12, 13, 14Các khoản dự phòngLỗ chênh lệch tỷ giá hối đoái do đánh giá lại các khoản mục tiền tệ có gốc ngoại tệLãi từ hoạt động đầu tưChi phí lãi vay và phát hành trái phiếu 28",507462534247,VND
"I. LƯU CHUYỀN TIỀN TỪ HOẠT ĐỘNG KINH DOANHTổng lợi nhuận kế toán trước thuếĐiều chỉnh cho các khoản:Khấu hao và hao mòn tài sản cố định và bắt động sản đầu tư 12, 13, 14Các khoản dự phòngLỗ chênh lệch tỷ giá hối đoái do đánh giá lại các khoản mục tiền tệ có gốc ngoại tệLãi từ hoạt động đầu tưChi phí lãi vay và phát hành trái phiếu 28",507462534247,VND
"I. LƯU CHUYỀN TIỀN TỪ HOẠT ĐỘNG KINH DOANHTổng lợi nhuận kế toán trước thuếĐiều chỉnh cho các khoản:Khấu hao và hao mòn tài sản cố định và bắt động sản đầu tư 12, 13, 14Các khoản dự phòngLỗ chênh lệch tỷ giá hối đoái do đánh giá lại các khoản mục tiền tệ có gốc ngoại tệLãi từ hoạt động đầu tưChi phí lãi vay và phát hành trái phiếu 28",507462534247,VND
"I. LƯU CHUYỀN TIỀN TỪ HOẠT ĐỘNG KINH DOANHTổng lợi nhuận kế toán trước thuếĐiều chỉnh cho các khoản:Khấu hao và hao mòn tài sản cố định và bắt động sản đầu tư 12, 13, 14Các khoản dự phòngLỗ chênh lệch tỷ giá hối đoái do đánh giá lại các khoản mục tiền tệ có gốc ngoại tệLãi từ hoạt động đầu tưChi phí lãi vay và phát hành trái phiếu 28",507462534247,VND
"I. LƯU CHUYỀN TIỀN TỪ HOẠT ĐỘNG KINH DOANHTổng lợi nhuận kế toán trước thuếĐiều chỉnh cho các khoản:Khấu hao và hao mòn tài sản cố định và bắt động sản đầu tư 12, 13, 14Các khoản dự phòngLỗ chênh lệch tỷ giá hối đoái do đánh giá lại các khoản mục tiền tệ có gốc ngoại tệLãi từ hoạt động đầu tưChi phí lãi vay và phát hành trái phiếu 28",507462534247,VND
"I. LƯU CHUYỀN TIỀN TỪ HOẠT ĐỘNG KINH DOANHTổng lợi nhuận kế toán trước thuếĐiều chỉnh cho các khoản:Khấu hao và hao mòn tài sản cố định và bắt động sản đầu tư 12, 13, 14Các khoản dự phòngLỗ chênh lệch tỷ giá hối đoái do đánh giá lại các khoản mục tiền tệ có gốc ngoại tệLãi từ hoạt động đầu tưChi phí lãi vay và phát hành trái phiếu 28",507462534247,VND
"I. LƯU CHUYỀN TIỀN TỪ HOẠT ĐỘNG KINH DOANHTổng lợi nhuận kế toán trước thuếĐiều chỉnh cho các khoản:Khấu hao và hao mòn tài sản cố định và bắt động sản đầu tư 12, 13, 14Các khoản dự phòngLỗ chênh lệch tỷ giá hối đoái do đánh giá lại các khoản mục tiền tệ có gốc ngoại tệLãi từ hoạt động đầu tưChi phí lãi vay và phát hành trái phiếu 28",507462534247,VND
"I. LƯU CHUYỀN TIỀN TỪ HOẠT ĐỘNG KINH DOANHTổng lợi nhuận kế toán trước thuếĐiều chỉnh cho các khoản:Khấu hao và hao mòn tài sản cố định và bắt động sản đầu tư 12, 13, 14Các khoản dự phòngLỗ chênh lệch tỷ giá hối đoái do đánh giá lại các khoản mục tiền tệ có gốc ngoại tệLãi từ hoạt động đầu tưChi phí lãi vay và phát hành trái phiếu 28",507462534247,VND
"I. LƯU CHUYỀN TIỀN TỪ HOẠT ĐỘNG KINH DOANHTổng lợi nhuận kế toán trước thuếĐiều chỉnh cho các khoản:Khấu hao và hao mòn tài sản cố định và bắt động sản đầu tư 12, 13, 14Các khoản dự phòngLỗ chênh lệch tỷ giá hối đoái do đánh giá lại các khoản mục tiền tệ có gốc ngoại tệLãi từ hoạt động đầu tưChi phí lãi vay và phát hành trái phiếu 28",507462534247,VND
"I. LƯU CHUYỀN TIỀN TỪ HOẠT ĐỘNG KINH DOANHTổng lợi nhuận kế toán trước thuếĐiều chỉnh cho các khoản:Khấu hao và hao mòn tài sản cố định và bắt động sản đầu tư 12, 13, 14Các khoản dự phòngLỗ chênh lệch tỷ giá hối đoái do đánh giá lại các khoản mục tiền tệ có gốc ngoại tệLãi từ hoạt động đầu tưChi phí lãi vay và phát hành trái phiếu 28",507462534247,VND
"I. LƯU CHUYỀN TIỀN TỪ HOẠT ĐỘNG KINH DOANHTổng lợi nhuận kế toán trước thuếĐiều chỉnh cho các khoản:Khấu hao và hao mòn tài sản cố định và bắt động sản đầu tư 12, 13, 14Các khoản dự phòngLỗ chênh lệch tỷ giá hối đoái do đánh giá lại các khoản mục tiền tệ có gốc ngoại tệLãi từ hoạt động đầu tưChi phí lãi vay và phát hành trái phiếu 28",507462534247,VND
"I. LƯU CHUYỀN TIỀN TỪ HOẠT ĐỘNG KINH DOANHTổng lợi nhuận kế toán trước thuếĐiều chỉnh cho các khoản:Khấu hao và hao mòn tài sản cố định và bắt động sản đầu tư 12, 13, 14Các khoản dự phòngLỗ chênh lệch tỷ giá hối đoái do đánh giá lại các khoản mục tiền tệ có gốc ngoại tệLãi từ hoạt động đầu tưChi phí lãi vay và phát hành trái phiếu 28",507462534247,VND
"I. LƯU CHUYỀN TIỀN TỪ HOẠT ĐỘNG KINH DOANHTổng lợi nhuận kế toán trước thuếĐiều chỉnh cho các khoản:Khấu hao và hao mòn tài sản cố định và bắt động sản đầu tư 12, 13, 14Các khoản dự phòngLỗ chênh lệch tỷ giá hối đoái do đánh giá lại các khoản mục tiền tệ có gốc ngoại tệLãi từ hoạt động đầu tưChi phí lãi vay và phát hành trái phiếu 28",507462534247,VND
"I. LƯU CHUYỀN TIỀN TỪ HOẠT ĐỘNG KINH DOANHTổng lợi nhuận kế toán trước thuếĐiều chỉnh cho các khoản:Khấu hao và hao mòn tài sản cố định và bắt động sản đầu tư 12, 13, 14Các khoản dự phòngLỗ chênh lệch tỷ giá hối đoái do đánh giá lại các khoản mục tiền tệ có gốc ngoại tệLãi từ hoạt động đầu tưChi phí lãi vay và phát hành trái phiếu 28",507462534247,VND
"I. LƯU CHUYỀN TIỀN TỪ HOẠT ĐỘNG KINH DOANHTổng lợi nhuận kế toán trước thuếĐiều chỉnh cho các khoản:Khấu hao và hao mòn tài sản cố định và bắt động sản đầu tư 12, 13, 14Các khoản dự phòngLỗ chênh lệch tỷ giá hối đoái do đánh giá lại các khoản mục tiền tệ có gốc ngoại tệLãi từ hoạt động đầu tưChi phí lãi vay và phát hành trái phiếu 28",507462534247,VND
"I. LƯU CHUYỀN TIỀN TỪ HOẠT ĐỘNG KINH DOANHTổng lợi nhuận kế toán trước thuếĐiều chỉnh cho các khoản:Khấu hao và hao mòn tài sản cố định và bắt động sản đầu tư 12, 13, 14Các khoản dự phòngLỗ chênh lệch tỷ giá hối đoái do đánh giá lại các khoản mục tiền tệ có gốc ngoại tệLãi từ hoạt động đầu tưChi phí lãi vay và phát hành trái phiếu 28",507462534247,VND
"I. LƯU CHUYỀN TIỀN TỪ HOẠT ĐỘNG KINH DOANHTổng lợi nhuận kế toán trước thuếĐiều chỉnh cho các khoản:Khấu hao và hao mòn tài sản cố định và bắt động sản đầu tư 12, 13, 14Các khoản dự phòngLỗ chênh lệch tỷ giá hối đoái do đánh giá lại các khoản mục tiền tệ có gốc ngoại tệLãi từ hoạt động đầu tưChi phí lãi vay và phát hành trái phiếu 28",507462534247,VND
"I. LƯU CHUYỀN TIỀN TỪ HOẠT ĐỘNG KINH DOANHTổng lợi nhuận kế toán trước thuếĐiều chỉnh cho các khoản:Khấu hao và hao mòn tài sản cố định và bắt động sản đầu tư 12, 13, 14Các khoản dự phòngLỗ chênh lệch tỷ giá hối đoái do đánh giá lại các khoản mục tiền tệ có gốc ngoại tệLãi từ hoạt động đầu tưChi phí lãi vay và phát hành trái phiếu 28",507462534247,VND
"I. LƯU CHUYỀN TIỀN TỪ HOẠT ĐỘNG KINH DOANHTổng lợi nhuận kế toán trước thuếĐiều chỉnh cho các khoản:Khấu hao và hao mòn tài sản cố định và bắt động sản đầu tư 12, 13, 14Các khoản dự phòngLỗ chênh lệch tỷ giá hối đoái do đánh giá lại các khoản mục tiền tệ có gốc ngoại tệLãi từ hoạt động đầu tưChi phí lãi vay và phát hành trái phiếu 28",507462534247,VND
"I. LƯU CHUYỀN TIỀN TỪ HOẠT ĐỘNG KINH DOANHTổng lợi nhuận kế toán trước thuếĐiều chỉnh cho các khoản:Khấu hao và hao mòn tài sản cố định và bắt động sản đầu tư 12, 13, 14Các khoản dự phòngLỗ chênh lệch tỷ giá hối đoái do đánh giá lại các khoản mục tiền tệ có gốc ngoại tệLãi từ hoạt động đầu tưChi phí lãi vay và phát hành trái phiếu 28",507462534247,VND
"I. LƯU CHUYỀN TIỀN TỪ HOẠT ĐỘNG KINH DOANHTổng lợi nhuận kế toán trước thuếĐiều chỉnh cho các khoản:Khấu hao và hao mòn tài sản cố định và bắt động sản đầu tư 12, 13, 14Các khoản dự phòngLỗ chênh lệch tỷ giá hối đoái do đánh giá lại các khoản mục tiền tệ có gốc ngoại tệLãi từ hoạt động đầu tưChi phí lãi vay và phát hành trái phiếu 28",507462534247,VND
"I. LƯU CHUYỀN TIỀN TỪ HOẠT ĐỘNG KINH DOANHTổng lợi nhuận kế toán trước thuếĐiều chỉnh cho các khoản:Khấu hao và hao mòn tài sản cố định và bắt động sản đầu tư 12, 13, 14Các khoản dự phòngLỗ chênh lệch tỷ giá hối đoái do đánh giá lại các khoản mục tiền tệ có gốc ngoại tệLãi từ hoạt động đầu tưChi phí lãi vay và phát hành trái phiếu 28",507462534247,VND
"I. LƯU CHUYỀN TIỀN TỪ HOẠT ĐỘNG KINH DOANHTổng lợi nhuận kế toán trước thuếĐiều chỉnh cho các khoản:Khấu hao và hao mòn tài sản cố định và bắt động sản đầu tư 12, 13, 14Các khoản dự phòngLỗ chênh lệch tỷ giá hối đoái do đánh giá lại các khoản mục tiền tệ có gốc ngoại tệLãi từ hoạt động đầu tưChi phí lãi vay và phát hành trái phiếu 28",507462534247,VND
"I. LƯU CHUYỀN TIỀN TỪ HOẠT ĐỘNG KINH DOANHTổng lợi nhuận kế toán trước thuếĐiều chỉnh cho các khoản:Khấu hao và hao mòn tài sản cố định và bắt động sản đầu tư 12, 13, 14Các khoản dự phòngLỗ chênh lệch tỷ giá hối đoái do đánh giá lại các khoản mục tiền tệ có gốc ngoại tệLãi từ hoạt động đầu tưChi phí lãi vay và phát hành trái phiếu 28",507462534247,VND
Tiền thu từ phát hành cổ phiếu,1342646330000,VND
Tiền thu từ đi vay,1975774512230,VND
Tiền trả nợ gốc vay,-392642357658,VND
Lưu chuyển tiền thuần từ (sử dụng vào) hoạt động tài chính,2925778484572,VND
Lưu chuyển tiền thuần trong năm,-161301664652,VND
Tiền đầu năm,504770435103,VND
Tiền cuối năm,343468770451,VND
